SALE TYPE,PROPERTY TYPE,ADDRESS,CITY,STATE,ZIP,PRICE,BEDS,BATHS,LOCATION,SQUARE FEET,LOT SIZE,YEAR BUILT,DAYS ON MARKET,PRICE PER SQFT,HOA PER MONTH,STATUS,URL,SOURCE,MLS,LATITUDE,LONGITUDE
MLS Listing,Townhouse,1134 W Granville Ave,Chicago,IL,60660,273900,1.5,1,Edgewater,1001,900,1980,53,171,,Contingent,https://www.redfin.com/IL/Chicago/1134-W-Granville-Ave-60660/unit-801/home/18570692,MRED,10573453,41.99502,-87.66041
MLS Listing,Townhouse,6122 N Winthrop Ave Unit C,Chicago,IL,60660,273900,3,2.5,Edgewater,1605,900,1965,53,171,,Contingent,http://www.redfin.com/IL/Chicago/6122-N-Winthrop-Ave-60660/unit-C/home/13413031,MRED,10573453,41.993017,-87.6585659
MLS Listing,Condo/Co-op,2840 N LINCOLN Ave Unit H5,Chicago,IL,60657,420000,3,2,Lake View,1346,,1999,20,312,287,Contingent,http://www.redfin.com/IL/Chicago/2840-N-Lincoln-Ave-60657/unit-H5/home/12771767,MRED,10593200,41.9332976,-87.6602636
MLS Listing,Condo/Co-op,1231 W Fletcher St Unit H,Chicago,IL,60657,549500,3,2.5,Lake View,,,1989,3,,294,Active,http://www.redfin.com/IL/Chicago/1231-W-Fletcher-St-60657/unit-H/home/13365513,MRED,10600292,41.9387551,-87.6602365
PAST SALE,Condo/Co-op,1140 W Cornelia Ave Unit D,Chicago,IL,60657,605000,3,2.5,Lake View,,,1920,1403,,200,Sold,http://www.redfin.com/IL/Chicago/1140-W-Cornelia-Ave-60657/unit-D/home/13382583,MRED,9068069,41.945579,-87.658308
MLS Listing,Townhouse,727 S Ashland Ave Unit B,Chicago,IL,60607,460000,3,2.5,Near West Side,1750,,1989,26,263,438,Active,http://www.redfin.com/IL/Chicago/727-S-Ashland-Ave-60607/unit-B/home/14089906,MRED,10590127,41.87258,-87.666075
MLS Listing,Townhouse,1449 W Lexington St Unit UC,Chicago,IL,60607,485000,3,2.5,Near West Side,2000,,1980,3,243,326,Active,http://www.redfin.com/IL/Chicago/1449-W-Lexington-St-60607/unit-UC/home/14089372,MRED,10600111,41.8723394,-87.6637968
PAST SALE,Townhouse,1152 W Polk St,Chicago,IL,60607,535000,3,2.5,Near West Side,2508,1362,1990,2750,213,285,Sold,http://www.redfin.com/IL/Chicago/1152-W-Polk-St-60607/home/14088876,MRED,7774745,41.872,-87.656231
MLS Listing,Townhouse,4240 N Kenmore Ave Unit 5N,Chicago,IL,60613,389000,2,2,Uptown,1970,,1997,60,197,100,Contingent,http://www.redfin.com/IL/Chicago/4240-N-Kenmore-Ave-60613/unit-5N/home/13393285,MRED,10568329,41.9598159,-87.656785
PAST SALE,Townhouse,5320 N Kenmore Ave Unit M,Chicago,IL,60640,404400,3,2,Edgewater,1900,977,1996,16,213,204,Sold,http://www.redfin.com/IL/Chicago/5320-N-Kenmore-Ave-60640/unit-M/home/13399393,MRED,10545078,41.9789715,-87.6571219
PAST SALE,Townhouse,1315 S Plymouth Ct Unit G,Chicago,IL,60605,489000,2,2,Near South Side,,,1992,6,,90,Sold,http://www.redfin.com/IL/Chicago/1315-S-Plymouth-Ct-60605/unit-G/home/14084451,MRED,10560788,41.8655929,-87.628002
MLS Listing,Townhouse,2724 W Byron St,Chicago,IL,60618,410000,4,2.5,Irving Park,1530,1011,2008,72,268,350,Active,http://www.redfin.com/IL/Chicago/2724-W-Byron-St-60618/home/18925910,MRED,10557759,41.953482,-87.6967729
MLS Listing,Townhouse,719 W Blackhawk St,Chicago,IL,60610,419900,2,2,Near North Side,,,2004,72,,503,Contingent,http://www.redfin.com/IL/Chicago/719-W-Blackhawk-St-60610/home/12698687,MRED,10558507,41.907224,-87.647659
MLS Listing,Townhouse,2733 N JANSSEN Ave Unit B,Chicago,IL,60614,649000,3,2,Lincoln Park,,,1988,72,,250,Active,http://www.redfin.com/IL/Chicago/2733-N-Greenview-Ave-60614/unit-B/home/13362902,MRED,10557755,41.931937,-87.665184
MLS Listing,Condo/Co-op,2843 N LINCOLN Ave #108,Chicago,IL,60657,525000,3,2,Lake View,,,1996,2,,353,Active,http://www.redfin.com/IL/Chicago/2843-N-Lincoln-Ave-60657/unit-108/home/13363726,MRED,10601094,41.9336692,-87.6597524
MLS Listing,Townhouse,1503 S Sangamon St,Chicago,IL,60608,649000,4,3.5,Near West Side,2500,1922,2004,76,260,345,Active,http://www.redfin.com/IL/Chicago/1503-S-Sangamon-St-60608/unit-146/home/12679426,MRED,10553200,41.861562,-87.649661
MLS Listing,Townhouse,2701 W Riverview Pkwy,Chicago,IL,60618,449000,3,2.5,Avondale,2700,,2002,16,166,456,Active,http://www.redfin.com/IL/Chicago/2701-W-Riverview-Pkwy-60618/home/12563500,MRED,10595792,41.9407833,-87.6954808
PAST SALE,Single Family Residential,11263 S Drake Ave,CHICAGO,IL,60655,256000,3,2,Mount Greenwood,1030,3720,1913,282,249,,Sold,http://www.redfin.com/IL/Chicago/11263-S-Drake-Ave-60655/home/13134963,MRED,10251905,41.687795,-87.708868
PAST SALE,Townhouse,3910 N Fremont St Unit B,CHICAGO,IL,60613,430000,3,2,Lake View,1500,750,1993,704,287,140,Sold,http://www.redfin.com/IL/Chicago/3910-N-Fremont-St-60613/unit-B/home/13382491,MRED,9797773,41.953006,-87.652704
PAST SALE,Townhouse,5320 N Kenmore Ave Unit I,CHICAGO,IL,60640,295000,2,1.5,Edgewater,1060,,1996,797,278,194,Sold,http://www.redfin.com/IL/Chicago/5320-N-Kenmore-Ave-60640/unit-I/home/13399567,MRED,9756858,41.9789715,-87.6571219
MLS Listing,Townhouse,5320 N Kenmore Ave Unit D,Chicago,IL,60640,398000,2,2,Edgewater,1600,1200,1994,99,249,313,Active,http://www.redfin.com/IL/Chicago/5320-N-Kenmore-Ave-60640/unit-D/home/13399345,MRED,10532128,41.9789715,-87.6571219
PAST SALE,Townhouse,4208 W Thorndale Ave,Chicago,IL,60646,450000,3,2.5,Forest Glen,2991,2047,1991,32,150,425,Sold,http://www.redfin.com/IL/Chicago/4208-W-Thorndale-Ave-60646/home/13512920,MRED,10547176,41.989095,-87.734133
MLS Listing,Townhouse,2924 N PAULINA St,Chicago,IL,60657,619900,3,2.5,Lake View,2058,1330,2000,104,301,288,Active,http://www.redfin.com/IL/Chicago/2924-N-Paulina-St-60657/home/12726539,MRED,10526519,41.9349551,-87.6710614
PAST SALE,Townhouse,660 N Peoria St Unit 2S,CHICAGO,IL,60642,435000,2,2.5,West Town,1846,,1992,2006,236,175,Sold,http://www.redfin.com/IL/Chicago/660-N-Peoria-St-60642/unit-2S/home/12573799,MRED,8623494,41.893946,-87.6505619
MLS Listing,Townhouse,3910 N FREMONT St Unit G,Chicago,IL,60613,460000,3,2,Lake View,1623,800,1993,86,283,150,Contingent,http://www.redfin.com/IL/Chicago/3910-N-Fremont-St-60613/unit-G/home/13383828,MRED,10545237,41.953006,-87.652704
PAST SALE,Townhouse,931 W WRIGHTWOOD Ave Unit C,CHICAGO,IL,60614,350000,3,2.5,Lincoln Park,,,1988,3406,,305,Sold,http://www.redfin.com/IL/Chicago/931-W-Wrightwood-Ave-60614/unit-C/home/13359431,MRED,7558014,41.9288254,-87.6526926
MLS Listing,Condo/Co-op,2805 N Wolcott Ave Unit D,Chicago,IL,60657,439000,2,2,North Center,1700,,1995,87,258,498,Active,http://www.redfin.com/IL/Chicago/2805-N-Wolcott-Ave-60657/unit-D/home/13358918,MRED,10543681,41.9343842,-87.6742284
MLS Listing,Townhouse,1705 W LEMOYNE St Unit H,Chicago,IL,60622,559900,3,2.5,West Town,,900,1995,53,,60,Contingent,http://www.redfin.com/IL/Chicago/1705-W-Le-Moyne-St-60622/unit-H/home/12768001,MRED,10572807,41.9088855,-87.6703588
MLS Listing,Townhouse,1625 N Larrabee St,Chicago,IL,60614,655000,3,3,Lincoln Park,2200,,1989,58,298,410,Active,http://www.redfin.com/IL/Chicago/1625-N-Larrabee-St-60614/home/13346193,MRED,10569451,41.911722,-87.6431801
PAST SALE,Condo/Co-op,1765 W ALTGELD St Unit G,Chicago,IL,60614,414900,2,2,Lincoln Park,1760,,1993,51,236,280,Sold,http://www.redfin.com/IL/Chicago/1765-W-Terra-Cotta-Pl-60614/unit-G/home/13358277,MRED,10537974,41.9281733,-87.6723436
PAST SALE,Condo/Co-op,1541 W Henderson St Unit H,Chicago,IL,60657,627500,3,2.5,Lake View,,,1995,34,,490,Sold,http://www.redfin.com/IL/Chicago/1541-W-Henderson-St-60657/unit-H/home/13382863,MRED,10508800,41.942313,-87.667904
MLS Listing,Townhouse,2508 N Bosworth Ave,Chicago,IL,60614,569000,2,2.5,Lincoln Park,1600,1600,1994,122,356,,Active,http://www.redfin.com/IL/Chicago/2508-N-Bosworth-Ave-60614/home/13361574,MRED,10507347,41.9272901,-87.6672256
PAST SALE,Townhouse,3147 N Honore St,Chicago,IL,60657,599000,3,2.5,North Center,2500,,2007,69,240,300,Sold,http://www.redfin.com/IL/Chicago/3147-N-Honore-St-60657/home/18980172,MRED,10529114,41.9391322,-87.6739123
MLS Listing,Townhouse,3341 N Racine Ave Unit B,Chicago,IL,60657,484900,2,2,Lake View,,,1989,2,,465,Active,http://www.redfin.com/IL/Chicago/3341-N-Racine-Ave-60657/unit-B/home/169090661,MRED,10601254,41.943043,-87.658859
PAST SALE,Townhouse,2652 N SOUTHPORT Ave Unit F,Chicago,IL,60614,625000,3,2.5,Lincoln Park,2000,2000,1988,23,313,215,Sold,http://www.redfin.com/IL/Chicago/2652-N-Southport-Ave-60614/unit-F/home/13362851,MRED,10544003,41.9303541,-87.6647832
PAST SALE,Townhouse,4554 N Paulina St #6,Chicago,IL,60640,610000,3,2.5,Uptown,2000,,1989,61,305,231,Sold,http://www.redfin.com/IL/Chicago/4554-N-Paulina-St-60640/unit-6/home/13391690,MRED,10498980,41.9650337,-87.6713672
PAST SALE,Townhouse,2204 N MAGNOLIA Ave,Chicago,IL,60614,615000,2,2.5,Lincoln Park,2023,,1992,30,304,290,Sold,http://www.redfin.com/IL/Chicago/2204-N-Magnolia-Ave-60614/home/144973964,MRED,10517724,41.9219015,-87.6597121
PAST SALE,Condo/Co-op,1848 N Larrabee St #1848,Chicago,IL,60614,595000,3,2.5,Lincoln Park,1600,,1974,51,372,358,Sold,http://www.redfin.com/IL/Chicago/1848-N-Larrabee-St-60614/unit-1848/home/169040976,MRED,10516267,41.9155722,-87.6438402
PAST SALE,Townhouse,1214 W Grenshaw St,CHICAGO,IL,60607,580000,3,2.5,Near West Side,2538,,2007,1112,229,40,Sold,http://www.redfin.com/IL/Chicago/1214-W-Grenshaw-St-60607/home/12602930,MRED,9232750,41.868026,-87.657303
PAST SALE,Condo/Co-op,1211 W GRENSHAW St,CHICAGO,IL,60607,360000,3,2.5,Near West Side,1643,,2006,2251,219,97,Sold,http://www.redfin.com/IL/Chicago/1211-W-Grenshaw-St-60607/home/12595602,MRED,8443871,41.867602,-87.657255
PAST SALE,Townhouse,1801 W Diversey Pkwy #2,Chicago,IL,60614,445000,3,2,Lincoln Park,,,1995,54,,281,Sold,http://www.redfin.com/IL/Chicago/1801-W-Diversey-Pkwy-60614/unit-2/home/12805128,MRED,10530228,41.931967,-87.6740088
MLS Listing,Townhouse,3959 N Hermitage Ave,Chicago,IL,60613,600000,3,2.5,Lake View,2400,,2000,130,250,415,Active,http://www.redfin.com/IL/Chicago/3959-N-Hermitage-Ave-60613/home/12755259,MRED,10499116,41.95394,-87.672315
MLS Listing,Townhouse,3322 N Racine Ave,Chicago,IL,60657,575000,3,2,Lake View,1922,1922,1992,63,299,210,Active,http://www.redfin.com/IL/Chicago/3322-N-Racine-Ave-60657/home/13381908,MRED,10565017,41.9420959,-87.6594841
MLS Listing,Condo/Co-op,310 N CLINTON St Unit D,Chicago,IL,60661,669900,3,2,Near West Side,2200,,1998,116,305,244,Active,http://www.redfin.com/IL/Chicago/310-N-Clinton-St-60661/unit-D/home/12787160,MRED,10515034,41.8873645,-87.6418609
PAST SALE,Townhouse,439 W Blackhawk St #7,Chicago,IL,60610,600000,3,3,Near North Side,2200,630,1998,97,273,197,Sold,http://www.redfin.com/IL/Chicago/439-W-Blackhawk-St-60610/unit-7/home/12813745,MRED,10497630,41.9090879,-87.639993
MLS Listing,Townhouse,727 S RACINE Ave Unit E,Chicago,IL,60607,815000,3,3.5,Near West Side,2800,2800,1993,132,291,210,Active,http://www.redfin.com/IL/Chicago/727-S-Racine-Ave-60607/unit-E/home/14089741,MRED,10497012,41.872574,-87.656304
MLS Listing,Condo/Co-op,1248 W Fletcher St Unit I,Chicago,IL,60657,499000,2,3.5,Lake View,1600,,1989,86,312,308,Active,http://www.redfin.com/IL/Chicago/1248-W-Fletcher-St-60657/unit-I/home/13365309,MRED,10545169,41.9392193,-87.660654
PAST SALE,Condo/Co-op,2724 N DAYTON St Unit A,Chicago,IL,60614,533000,3,2.5,Lincoln Park,,,1994,45,,200,Sold,http://www.redfin.com/IL/Chicago/2724-N-Dayton-St-60614/unit-A/home/145006301,MRED,10491174,41.9316303,-87.6505021
MLS Listing,Townhouse,1231 W Fletcher St Unit F,Chicago,IL,60657,599000,3,2.5,Lake View,2305,,1987,137,260,294,Active,http://www.redfin.com/IL/Chicago/1231-W-Fletcher-St-60657/unit-F/home/13366330,MRED,10492011,41.9387551,-87.6602365
PAST SALE,Townhouse,2243 N GREENVIEW Ave Unit D,CHICAGO,IL,60614,530000,3,3,Lincoln Park,,,1996,115,,300,Sold,http://www.redfin.com/IL/Chicago/2243-N-Greenview-Ave-60614/unit-D/home/13353516,MRED,10492510,41.9227722,-87.6653952
PAST SALE,Condo/Co-op,3348 N Clifton Ave Unit A,Chicago,IL,60657,500000,2,2.5,Lake View,1700,,1989,30,294,401,Sold,http://www.redfin.com/IL/Chicago/3348-N-Clifton-Ave-60657/unit-A/home/13382310,MRED,10561999,41.942699,-87.6585659
MLS Listing,Single Family Residential,1011 W Dickens Ave #10,Chicago,IL,60614,520000,3,2,Lincoln Park,1800,1222,1981,142,289,200,Active,http://www.redfin.com/IL/Chicago/1011-W-Dickens-Ave-60614/unit-10/home/168676353,MRED,10488420,41.919779,-87.6538731
MLS Listing,Townhouse,456 E North Water St Unit D,Chicago,IL,60611,600000,3,3,Near North Side,2200,,1997,142,273,481,Active,http://www.redfin.com/IL/Chicago/456-E-North-Water-St-60611/unit-D/home/14095075,MRED,10487425,41.889694,-87.6155689
PAST SALE,Single Family Residential,2009 Maple Ave,Evanston,IL,60201,537000,3,3,Evanston,1879,,1995,94,286,,Sold,http://www.redfin.com/IL/Evanston/2009-Maple-Ave-60201/home/13581280,MRED,10480597,42.0543448,-87.6844706
PAST SALE,Townhouse,2500 N Bosworth Ave,Chicago,IL,60614,649900,3,2.5,Lincoln Park,,,1994,81,,,Sold,http://www.redfin.com/IL/Chicago/2500-N-Bosworth-Ave-60614/home/13361087,MRED,10487113,41.9270899,-87.667219
PAST SALE,Townhouse,2902 N Sheridan Rd,Chicago,IL,60657,490000,3,2.5,Lake View,1395,,1951,39,351,393,Sold,http://www.redfin.com/IL/Chicago/2902-N-Sheridan-Rd-60657/home/13372143,MRED,10529860,41.934562,-87.639751
PAST SALE,Townhouse,1830 W Sunnyside Ave,Chicago,IL,60640,455000,3,2.5,Lincoln Square,1600,1406,1989,18,284,,Sold,http://www.redfin.com/IL/Chicago/1830-W-Sunnyside-Ave-60640/home/13392409,MRED,10481456,41.9634801,-87.6758743
PAST SALE,Townhouse,2308 W Wolfram St #97,CHICAGO,IL,60618,492000,3,3,Logan Square,2274,909,2002,129,216,270,Sold,http://www.redfin.com/IL/Chicago/2308-W-Wolfram-St-60618/unit-97/home/12576722,MRED,10434225,41.933254,-87.6863769
PAST SALE,Townhouse,3315 N RACINE Ave Unit D,Chicago,IL,60657,545000,3,2.5,Lake View,,,1989,68,,463,Sold,http://www.redfin.com/IL/Chicago/3315-N-Racine-Ave-60657/unit-D/home/13382673,MRED,10451272,41.942335,-87.658829
PAST SALE,Townhouse,4259 W Harrington Ln,Chicago,IL,60646,400000,3,4,Forest Glen,1994,2110,1987,41,201,425,Sold,http://www.redfin.com/IL/Chicago/4259-Harrington-Ln-60646/home/13513375,MRED,10479267,41.9894378,-87.7361701
PAST SALE,Townhouse,1827 N Dayton St Unit A,CHICAGO,IL,60614,559900,2,2.5,Lincoln Park,2400,,1985,109,233,267,Sold,http://www.redfin.com/IL/Chicago/1827-N-Dayton-St-60614/unit-A/home/13350405,MRED,10478676,41.9146165,-87.6491238
MLS Listing,Townhouse,1465 S Indiana Ave,Chicago,IL,60605,650000,2,2.5,Near South Side,2254,848,1990,222,288,435,Contingent,http://www.redfin.com/IL/Chicago/1465-S-Indiana-Ave-60605/home/14083336,MRED,10387249,41.862612,-87.622168
PAST SALE,Townhouse,1209 W Grenshaw St,CHICAGO,IL,60607,470000,2,2.5,Near West Side,2399,,2007,205,196,112,Sold,http://www.redfin.com/IL/Chicago/1209-W-Grenshaw-St-60607/home/12605942,MRED,10348919,41.867605,-87.657195
PAST SALE,Townhouse,2471 W MONTROSE Ave,CHICAGO,IL,60618,439000,2,2.5,North Center,2000,,2002,107,220,286,Sold,http://www.redfin.com/IL/Chicago/2471-W-Montrose-Ave-60618/home/12701822,MRED,10469546,41.961128,-87.6914042
PAST SALE,Townhouse,3300 N Kenmore Ave Unit A,CHICAGO,IL,60657,499900,2,2,Lake View,,,1992,107,,,Sold,http://www.redfin.com/IL/Chicago/3300-N-Kenmore-Ave-60657/unit-A/home/22984311,MRED,10469861,41.9419419,-87.6556084
PAST SALE,Townhouse,1217 N Hoyne Ave Unit E,Chicago,IL,60622,610000,3,2.5,West Town,2200,728,2004,30,277,,Sold,http://www.redfin.com/IL/Chicago/1217-N-Hoyne-Ave-60622/unit-E/home/12575378,MRED,10530893,41.9037125,-87.6794006
PAST SALE,Townhouse,1240 W Monroe St #6,Chicago,IL,60607,493000,2,2,Near West Side,,,2006,75,,185,Sold,http://www.redfin.com/IL/Chicago/1240-W-Monroe-St-60607/unit-6/home/21797555,MRED,10455950,41.8806385,-87.6585927
PAST SALE,Townhouse,1775 W ALTGELD St Unit F,CHICAGO,IL,60614,445000,2,2,Lincoln Park,1760,,1993,128,253,296,Sold,http://www.redfin.com/IL/Chicago/1775-W-Terra-Cotta-Pl-60614/unit-F/home/13359324,MRED,10458810,41.928171,-87.672344
PAST SALE,Townhouse,1149 W Roscoe St,CHICAGO,IL,60657,520000,3,2,Lake View,,,1987,128,,435,Sold,http://www.redfin.com/IL/Chicago/1149-W-Roscoe-St-60657/home/13382921,MRED,10457033,41.9433996,-87.6585853
PAST SALE,Condo/Co-op,1487 N Clybourn Ave Unit D,CHICAGO,IL,60610,490000,3,2.5,Near North Side,1600,,1997,174,306,385,Sold,http://www.redfin.com/IL/Chicago/1487-N-Clybourn-Ave-60610/unit-D/home/12740940,MRED,10271177,41.9086584,-87.6452735
PAST SALE,Townhouse,819 W WILLOW St,Chicago,IL,60614,595000,3,3.5,Lincoln Park,,,,88,,120,Sold,http://www.redfin.com/IL/Chicago/819-W-Willow-St-60614/home/13351201,MRED,10460444,41.9136616,-87.6492385
PAST SALE,Townhouse,2820 N Greenview Ave Unit A,CHICAGO,IL,60657,570000,3,3.5,Lake View,,,1989,122,,200,Sold,http://www.redfin.com/IL/Chicago/2820-N-Greenview-Ave-60657/unit-A/home/13363932,MRED,10440126,41.933195,-87.666194
PAST SALE,Townhouse,2502 N Bosworth,CHICAGO,IL,60614,400000,2,3,Lincoln Park,,,1995,2707,,,Sold,http://www.redfin.com/IL/Chicago/2502-N-Bosworth-Ave-60614/home/13361401,MRED,8045924,41.9271433,-87.6672239
PAST SALE,Condo/Co-op,1068 W Chestnut St,CHICAGO,IL,60642,584000,3,2.5,West Town,2200,2200,,117,265,325,Sold,http://www.redfin.com/IL/Chicago/1068-W-Chestnut-St-60642/home/12715427,MRED,10455197,41.8984086,-87.6548698
MLS Listing,Townhouse,1445 N Cleveland Ave Unit B,Chicago,IL,60610,609900,3,3,Near North Side,,2000,1998,3,,197,Active,http://www.redfin.com/IL/Chicago/1445-N-Cleveland-Ave-60610/unit-B/home/12813070,MRED,10600660,41.908879,-87.6401659
PAST SALE,Townhouse,1781 W Altgeld St Unit G,CHICAGO,IL,60614,440000,2,2,Lincoln Park,1760,,1993,143,250,299,Sold,http://www.redfin.com/IL/Chicago/1781-W-Terra-Cotta-Pl-60614/unit-G/home/13358278,MRED,10432826,41.928171,-87.672344
PAST SALE,Townhouse,4949 N Lincoln Ave #2,Chicago,IL,60625,530000,3,3,Lincoln Square,2514,820,2008,79,211,289,Sold,http://www.redfin.com/IL/Chicago/4949-N-Lincoln-Ave-60625/unit-2/home/21792739,MRED,10490328,41.9721348,-87.6901895
PAST SALE,Single Family Residential,8321 Kenneth Ave,SKOKIE,IL,60076,375000,3,2.5,Skokie,2202,5658,1957,149,170,,Sold,http://www.redfin.com/IL/Skokie/8321-Kenneth-Ave-60076/home/13610527,MRED,10415428,42.0323098,-87.7385956
PAST SALE,Single Family Residential,8127 Karlov Ave,SKOKIE,IL,60076,325000,3,2,Skokie,,5166,1957,128,,,Sold,http://www.redfin.com/IL/Skokie/8127-Karlov-Ave-60076/home/13609104,MRED,10406368,42.0289282,-87.7302094
MLS Listing,Townhouse,2743 N Wolcott Ave #46,Chicago,IL,60614,579000,3,3,Lincoln Park,2100,,1996,160,276,336,Active,http://www.redfin.com/IL/Chicago/2743-N-Wolcott-Ave-60614/unit-46/home/12566704,MRED,10467027,41.9319593,-87.6747396
PAST SALE,Single Family Residential,2847 N Wolcott #B Ave,Chicago,IL,60657,570000,3,2.5,North Center,,,1997,30,,119,Sold,http://www.redfin.com/IL/Chicago/2847-N-Wolcott-Ave-60657/unit-B/home/13358562,MRED,10557439,41.9335571,-87.6742586
PAST SALE,Single Family Residential,7820 Kenneth Ave,SKOKIE,IL,60076,420000,5,2,Skokie,1620,4303,1931,129,259,,Sold,http://www.redfin.com/IL/Skokie/7820-Kenneth-Ave-60076/home/13601862,MRED,10394414,42.0233144,-87.7394375
PAST SALE,Single Family Residential,1952 N Bissell St,CHICAGO,IL,60614,585000,3,2,Lincoln Park,1720,1441,,114,340,,Sold,http://www.redfin.com/IL/Chicago/1952-N-Bissell-St-60614/home/13350850,MRED,10419476,41.9175331,-87.6523842
PAST SALE,Condo/Co-op,3305 N Racine Ave Unit C,CHICAGO,IL,60657,545000,3,2,Lake View,,,1989,207,,463,Sold,http://www.redfin.com/IL/Chicago/3305-N-Racine-Ave-60657/unit-C/home/161490206,MRED,10339839,41.942085,-87.658855
PAST SALE,Townhouse,3455 N WHIPPLE St,Chicago,IL,60618,450000,3,3,Avondale,2242,1140,2010,96,201,175,Sold,http://www.redfin.com/IL/Chicago/3455-N-Whipple-St-60618/unit-12/home/26805851,MRED,10334734,41.9445037,-87.7038717
PAST SALE,Townhouse,2720 N Greenview Ave Unit C,Chicago,IL,60614,573000,3,3,Lincoln Park,,,1987,1167,,331,Sold,http://www.redfin.com/IL/Chicago/2720-N-Greenview-Ave-60614/unit-C/home/22995643,MRED,9324751,41.9313433,-87.6661266
PAST SALE,Townhouse,1501 S Indiana Ave Unit C,CHICAGO,IL,60605,575000,3,2.5,Near South Side,2000,,1998,209,288,506,Sold,http://www.redfin.com/IL/Chicago/1501-S-Indiana-Ave-60605/unit-C/home/14083686,MRED,10314047,41.8618562,-87.6221883
PAST SALE,Townhouse,807 W Wolfram St #7,CHICAGO,IL,60657,617000,3,2,Lake View,2154,,,165,286,380,Sold,http://www.redfin.com/IL/Chicago/807-W-Wolfram-St-60657/unit-7/home/145002716,MRED,10396365,41.933462,-87.6495
PAST SALE,Condo/Co-op,3335 N Racine Ave Unit A,CHICAGO,IL,60657,470000,3,2.5,Lake View,1700,,1987,143,276,465,Sold,http://www.redfin.com/IL/Chicago/3335-N-Racine-Ave-60657/unit-A/home/13381429,MRED,10405987,41.942865,-87.658709
PAST SALE,Townhouse,522 Keeney St,EVANSTON,IL,60202,435000,2,2.5,Evanston,2029,,2004,143,214,275,Sold,http://www.redfin.com/IL/Evanston/522-Keeney-St-60202/home/12668959,MRED,10404840,42.029205,-87.677963
PAST SALE,Townhouse,5919 N Sauganash Ln,CHICAGO,IL,60646,470000,3,2.5,Forest Glen,3274,,1987,128,144,425,Sold,http://www.redfin.com/IL/Chicago/5919-N-Sauganash-Ln-60646/home/144666070,MRED,10441984,41.9887324,-87.735009
PAST SALE,Condo/Co-op,1338 S State St,CHICAGO,IL,60605,595000,3,2.5,Near South Side,2175,,1987,136,274,125,Sold,http://www.redfin.com/IL/Chicago/1338-S-State-St-60605/home/14084653,MRED,10404565,41.864676,-87.627692
MLS Listing,Townhouse,1432 W Wrightwood Ave,Chicago,IL,60614,665000,3,3,Lincoln Park,,,1990,18,,519,Active,http://www.redfin.com/IL/Chicago/1432-W-Wrightwood-Ave-60614/unit-AVE8/home/13362160,MRED,10594887,41.9290221,-87.6647776
PAST SALE,Single Family Residential,8835 Crawford Ave,SKOKIE,IL,60076,400000,3,2.5,Skokie,,7261,1967,129,,,Sold,http://www.redfin.com/IL/Skokie/8835-Crawford-Ave-60076/home/13626333,MRED,10424136,42.041941,-87.7274778
PAST SALE,Condo/Co-op,2843 N Lincoln Ave #212,Chicago,IL,60657,478000,3,2,Lake View,,,1996,163,,301,Sold,http://www.redfin.com/IL/Chicago/2843-N-Lincoln-Ave-60657/unit-212/home/13364070,MRED,10373071,41.9336692,-87.6597524
PAST SALE,Townhouse,2946 N Wood St Unit C,CHICAGO,IL,60657,615000,3,2.5,Lake View,,,2001,170,,305,Sold,http://www.redfin.com/IL/Chicago/2946-N-Wood-St-60657/unit-C/home/12727462,MRED,10344706,41.9355357,-87.6730807
PAST SALE,Condo/Co-op,1238 W Fletcher St Unit B,CHICAGO,IL,60657,599000,3,2.5,Lake View,2100,,1989,149,285,351,Sold,http://www.redfin.com/IL/Chicago/1238-W-Fletcher-St-60657/unit-B/home/13366344,MRED,10402602,41.9391589,-87.660682
PAST SALE,Townhouse,2770 N WOLCOTT Ave Unit H,Chicago,IL,60614,534000,4,2.5,Lincoln Park,2200,,2000,1285,243,100,Sold,http://www.redfin.com/IL/Chicago/2770-N-Wolcott-Ave-60614/unit-H/home/22905728,MRED,9184250,41.9317882,-87.6754689
PAST SALE,Townhouse,2335 W George St,Chicago,IL,60618,472000,3,2.5,Avondale,2274,954,2003,44,208,270,Sold,http://www.redfin.com/IL/Chicago/2335-W-George-St-60618/unit-L-124/home/12683485,MRED,10536915,41.9337077,-87.6869068
PAST SALE,Townhouse,2940 N Lakewood Ave #6,CHICAGO,IL,60657,493000,3,2,Lake View,1750,,1993,219,282,100,Sold,http://www.redfin.com/IL/Chicago/2940-N-Lakewood-Ave-60657/unit-6/home/13363977,MRED,10319491,41.9356123,-87.6615748
PAST SALE,Townhouse,1066 W Fry St,CHICAGO,IL,60642,624000,3,2.5,West Town,2200,,2000,137,284,325,Sold,http://www.redfin.com/IL/Chicago/1066-W-Fry-St-60642/home/12713748,MRED,10362001,41.8975084,-87.6545621
PAST SALE,Townhouse,5003 N Lincoln Ave #2,CHICAGO,IL,60625,552500,3,3,Lincoln Square,2515,897,2007,111,220,290,Sold,http://www.redfin.com/IL/Chicago/5003-N-Lincoln-Ave-60625/unit-2/home/45511930,MRED,10399079,41.9722767,-87.6898856
PAST SALE,Townhouse,908 N Larrabee St,CHICAGO,IL,60610,590000,3,2.5,Near North Side,,,2005,219,,421,Sold,http://www.redfin.com/IL/Chicago/908-N-Larrabee-St-60610/home/146793182,MRED,10294263,41.8989607,-87.6432507
PAST SALE,Single Family Residential,7800 N Crawford Ave,Skokie,IL,60076,277500,4,3,Skokie,1425,2822,1970,102,195,,Sold,http://www.redfin.com/IL/Skokie/7800-Crawford-Ave-60076/home/13598992,MRED,10439022,42.0227492,-87.7286379
PAST SALE,Townhouse,1435 S Prairie Ave Unit I,CHICAGO,IL,60605,468000,2,2.5,Near South Side,2043,,2002,153,229,413,Sold,http://www.redfin.com/IL/Chicago/1435-S-Prairie-Ave-60605/unit-I/home/166898849,MRED,10391997,41.86374,-87.620693
PAST SALE,Townhouse,1180 S Plymouth Ct Unit 1SW,CHICAGO,IL,60605,634000,3,2.5,Loop,2200,,1985,174,288,417,Sold,http://www.redfin.com/IL/Chicago/1180-S-Plymouth-Ct-60605/unit-1SW/home/14091881,MRED,10383081,41.8680404,-87.6289881
PAST SALE,Condo/Co-op,5115 N Damen Ave Unit E,CHICAGO,IL,60625,542500,3,2.5,Lincoln Square,2500,,2003,178,217,166,Sold,http://www.redfin.com/IL/Chicago/5115-N-Damen-Ave-60625/unit-E/home/12613331,MRED,10370329,41.9752376,-87.6788007
PAST SALE,Townhouse,3019 W CORNELIA Ave,Chicago,IL,60618,574000,4,3.5,Avondale,2904,1254,2007,60,198,229,Sold,http://www.redfin.com/IL/Chicago/3019-W-Cornelia-Ave-60618/home/26793050,MRED,10524671,41.9446554,-87.7035785
PAST SALE,Condo/Co-op,2235 N LAKEWOOD Ave Unit CN,CHICAGO,IL,60614,505000,3,3,Lincoln Park,1700,,1982,191,297,251,Sold,http://www.redfin.com/IL/Chicago/2235-N-Lakewood-Ave-60614/unit-CN/home/13353677,MRED,10393965,41.9227683,-87.6605047
MLS Listing,Townhouse,2338 W WOLFRAM St,Chicago,IL,60618,472000,3,2.5,Logan Square,2000,765,2004,3,236,270,Active,http://www.redfin.com/IL/Chicago/2338-W-Wolfram-St-60618/home/13360279,MRED,10599894,41.933248,-87.687076
PAST SALE,Townhouse,2333 W George St #2333,Chicago,IL,60618,470450,3,2.5,Avondale,2775,,2001,4210,170,160,Sold,http://www.redfin.com/IL/Chicago/2333-W-George-St-60618/unit-2333/home/145661162,MRED,6841553,41.9337102,-87.6868418
PAST SALE,Condo/Co-op,1811 W Winnemac Ave Unit B,CHICAGO,IL,60640,462000,3,2,Lincoln Square,1550,,1999,173,298,380,Sold,http://www.redfin.com/IL/Chicago/1811-W-Winnemac-Ave-60640/unit-B/home/12683970,MRED,10379078,41.972987,-87.67541
PAST SALE,Townhouse,463 SUMMIT Ave Unit A,PARK RIDGE,IL,60068,470000,3,3,Park Ridge,3000,12663,,174,157,167,Sold,http://www.redfin.com/IL/Park-Ridge/463-Summit-Ave-60068/unit-A/home/21956939,MRED,10378292,42.0055901,-87.8226515
PAST SALE,Condo/Co-op,1802 W DIVERSEY Pkwy Unit C,CHICAGO,IL,60614,516000,3,2,North Center,1800,1650,1997,137,287,185,Sold,http://www.redfin.com/IL/Chicago/1802-W-Diversey-Pkwy-60614/unit-C/home/13358143,MRED,10430787,41.934948,-87.673736
PAST SALE,Townhouse,860 N ELSTON Ave #8,Chicago,IL,60642,565000,3,3,West Town,2050,748,1998,97,276,100,Sold,http://www.redfin.com/IL/Chicago/860-N-Elston-Ave-60642/unit-8/home/22906656,MRED,10455293,41.8981237,-87.6569957
PAST SALE,Townhouse,2835 N Wolcott Ave Unit D,CHICAGO,IL,60657,435000,2,2,North Center,,,,167,,493,Sold,http://www.redfin.com/IL/Chicago/2835-N-Wolcott-Ave-60657/unit-D/home/13359191,MRED,10394602,41.9343945,-87.674293
PAST SALE,Townhouse,1826 DARROW Ave Unit B,EVANSTON,IL,60201,263000,4,2,Evanston,2076,2535,1993,142,127,,Sold,http://www.redfin.com/IL/Evanston/1826-Darrow-Ave-60201/unit-B/home/13630260,MRED,10388109,42.051211,-87.697807
MLS Listing,Single Family Residential,8246 Kildare Ave,Skokie,IL,60076,340000,3,2,Skokie,1648,5475,1953,54,206,,Active,http://www.redfin.com/IL/Skokie/8246-N-Kildare-Ave-60076/home/13609449,MRED,10572109,42.0312373,-87.7355567
PAST SALE,Townhouse,1128 W Washburne Ave,CHICAGO,IL,60608,525000,2,2.5,Near West Side,2000,2375,2007,163,263,82,Sold,http://www.redfin.com/IL/Chicago/1128-W-Washburne-Ave-60608/home/12611401,MRED,10390142,41.866364,-87.655398
PAST SALE,Townhouse,20 W 15th St Unit C,CHICAGO,IL,60605,475000,3,2,Near South Side,1482,820,1990,356,321,107,Sold,http://www.redfin.com/IL/Chicago/20-W-15th-St-60608/unit-C/home/14084792,MRED,10083738,41.862101,-87.627532
MLS Listing,Townhouse,1445 N Cleveland Ave Unit A,Chicago,IL,60610,599999,3,3,Near North Side,2150,630,1998,228,279,190,Active,http://www.redfin.com/IL/Chicago/1445-N-Cleveland-Ave-60610/unit-A/home/12812770,MRED,10389140,41.908879,-87.6401659
PAST SALE,Condo/Co-op,1351 W GEORGE St Unit C,CHICAGO,IL,60657,550000,2,2.5,Lake View,1750,,,195,314,167,Sold,http://www.redfin.com/IL/Chicago/1351-W-George-St-60657/unit-C/home/13364207,MRED,10383829,41.9341688,-87.6633151
PAST SALE,Townhouse,1006 CENTRAL Ave,WILMETTE,IL,60091,534000,3,2.5,Wilmette,,1404,1959,191,,,Sold,http://www.redfin.com/IL/Wilmette/1006-Central-Ave-60091/home/13775315,MRED,10388445,42.076813,-87.703367
PAST SALE,Single Family Residential,8433 Kimball Ave,SKOKIE,IL,60076,365000,3,2,Skokie,1298,3689,1962,143,281,,Sold,http://www.redfin.com/IL/Skokie/8433-Kimball-Ave-60076/home/13607072,MRED,10388595,42.0346986,-87.7131245
PAST SALE,Townhouse,1328 S Federal St Unit C,Chicago,IL,60605,449000,2,2,Near South Side,1500,,1992,187,299,399,Sold,http://www.redfin.com/IL/Chicago/1328-S-Federal-St-60605/unit-C/home/14084317,MRED,10164361,41.8649368,-87.6298684
PAST SALE,Townhouse,1236 S Federal St Unit B,Chicago,IL,60605,535000,3,2,Near South Side,1460,2356,1994,96,366,275,Sold,http://www.redfin.com/IL/Chicago/1236-S-Federal-St-60605/unit-B/home/14084726,MRED,10506149,41.86634,-87.6302241
PAST SALE,Townhouse,3267 N Washtenaw Ave,CHICAGO,IL,60618,465000,3,2.5,Avondale,2292,1134,2000,216,203,368,Sold,http://www.redfin.com/IL/Chicago/3267-N-Washtenaw-Ave-60618/home/12701665,MRED,10330142,41.941297,-87.6949999
PAST SALE,Single Family Residential,3870 JARVIS Ave,SKOKIE,IL,60076,360000,3,3,Skokie,2376,5606,1955,157,152,,Sold,http://www.redfin.com/IL/Skokie/3870-Jarvis-Ave-60076/home/13601879,MRED,10383186,42.015649,-87.726167
PAST SALE,Townhouse,7746 Lincoln Ave,Skokie,IL,60077,325000,2,2.5,Skokie,1013,,2005,67,321,200,Sold,http://www.redfin.com/IL/Skokie/7746-Lincoln-Ave-60077/home/12618114,MRED,10477205,42.0220916,-87.7527581
MLS Listing,Single Family Residential,8021 Tripp Ave,Skokie,IL,60076,379000,3,2,Skokie,1810,5658,1955,49,209,,Active,http://www.redfin.com/IL/Skokie/8021-Tripp-Ave-60076/home/13608355,MRED,10575864,42.0268744,-87.7339026
PAST SALE,Townhouse,101 Concord Ct,MORTON GROVE,IL,60053,380000,3,2.5,Morton Grove,1752,,2015,181,217,230,Sold,http://www.redfin.com/IL/Morton-Grove/101-Concord-Dr-60053/home/144506869,MRED,10386288,42.0334606,-87.7824167
PAST SALE,Townhouse,5003 N Lincoln Ave #1,CHICAGO,IL,60625,530000,3,3,Lincoln Square,2261,,2008,156,234,290,Sold,http://www.redfin.com/IL/Chicago/5003-N-Lincoln-Ave-60625/unit-1/home/45511929,MRED,10391983,41.9722282,-87.689884
PAST SALE,Townhouse,222 Vine Ave Unit A,PARK RIDGE,IL,60068,405000,3,2.5,Park Ridge,2940,,1990,174,138,350,Sold,http://www.redfin.com/IL/Park-Ridge/222-Vine-Ave-60068/unit-A/home/13641149,MRED,10394015,42.0077198,-87.829666
PAST SALE,Townhouse,4211 W Harrington Ln,CHICAGO,IL,60646,505000,3,2.5,Forest Glen,2650,5292,1989,121,191,425,Sold,http://www.redfin.com/IL/Chicago/4211-Harrington-Ln-60646/home/13513700,MRED,10383639,41.9894346,-87.7341703
PAST SALE,Townhouse,1806 W Byron St,CHICAGO,IL,60613,590000,3,3,North Center,2178,2178,1995,142,271,,Sold,http://www.redfin.com/IL/Chicago/1806-W-Byron-St-60613/home/12805789,MRED,10443160,41.9525594,-87.6745687
PAST SALE,Single Family Residential,2005 WASHINGTON St,EVANSTON,IL,60202,315500,3,2,Evanston,1408,5676,1955,191,224,,Sold,http://www.redfin.com/IL/Evanston/2005-Washington-St-60202/home/13605132,MRED,10365008,42.032259,-87.7012691
PAST SALE,Single Family Residential,9325 Ewing Ave,EVANSTON,IL,60203,358000,3,2,Evanston,1325,5876,1957,166,270,,Sold,http://www.redfin.com/IL/Evanston/9325-Ewing-Ave-60203/home/13627188,MRED,10374910,42.0507715,-87.7127781
PAST SALE,Townhouse,1816 N Rockwell St Unit E,CHICAGO,IL,60647,480000,3,3,Logan Square,2088,,2002,940,230,125,Sold,http://www.redfin.com/IL/Chicago/1816-N-Rockwell-St-60647/unit-E/home/12744395,MRED,9507566,41.914466,-87.692515
PAST SALE,Townhouse,1523 W Henderson St Unit E,CHICAGO,IL,60657,560000,2,2.5,Lake View,1900,,1995,177,295,407,Sold,http://www.redfin.com/IL/Chicago/1523-W-Henderson-St-60657/unit-E/home/13381711,MRED,10364988,41.9422756,-87.6676886
PAST SALE,Single Family Residential,4303 Payne St,SKOKIE,IL,60076,400000,4,2,Skokie,,10619,1966,198,,,Sold,http://www.redfin.com/IL/Skokie/4303-Payne-St-60076/home/13633397,MRED,10370626,42.0568991,-87.7350565
PAST SALE,Townhouse,2253 W Coulter St #1,Chicago,IL,60608,459900,3,2.5,Lower West Side,2000,950,2019,67,230,230,Sold,http://www.redfin.com/IL/Chicago/2253-W-Coulter-St-60608/unit-1/home/166587247,MRED,10378752,41.846653,-87.682409
PAST SALE,Townhouse,8313 Concord Dr,MORTON GROVE,IL,60053,300000,2,2.5,Morton Grove,,,2006,181,,243,Sold,http://www.redfin.com/IL/Morton-Grove/8313-Concord-Dr-60053/home/26801863,MRED,10398714,42.0329078,-87.7816559
PAST SALE,Townhouse,730 W 15th St,CHICAGO,IL,60607,550000,3,3,Near West Side,2320,2500,2007,191,237,330,Sold,http://www.redfin.com/IL/Chicago/730-W-15th-St-60607/home/26819440,MRED,10411620,41.8616534,-87.6459552
MLS Listing,Single Family Residential,8800 Lowell Ter,Skokie,IL,60076,399000,3,2,Skokie,1349,5989,1963,237,296,,Active,http://www.redfin.com/IL/Skokie/8800-Lowell-Ter-60076/home/13622486,MRED,10378053,42.0409434,-87.7373661
PAST SALE,Townhouse,1826 S MICHIGAN Ave Unit F,CHICAGO,IL,60616,405000,2,2,Near South Side,1810,,1998,1452,224,311,Sold,http://www.redfin.com/IL/Chicago/1826-S-Michigan-Ave-60616/unit-F/home/12780918,MRED,9040063,41.857021,-87.6244087
PAST SALE,Single Family Residential,8937 MARMORA Ave,MORTON GROVE,IL,60053,350000,3,2.5,Morton Grove,1468,5623,1952,159,238,,Sold,http://www.redfin.com/IL/Morton-Grove/8937-Marmora-Ave-60053/home/13618491,MRED,10377901,42.0441173,-87.7735852
PAST SALE,Single Family Residential,8645 Niles Center Rd,SKOKIE,IL,60077,335000,3,2,Skokie,,6250,1951,143,,,Sold,http://www.redfin.com/IL/Skokie/8645-Niles-Center-Rd-60077/home/13612768,MRED,10376336,42.0383803,-87.748903
PAST SALE,Single Family Residential,8209 Menard Ave,Morton Grove,IL,60053,367000,5,3,Morton Grove,2200,3720,1995,9,167,,Sold,http://www.redfin.com/IL/Morton-Grove/8209-Menard-Ave-60053/home/13615323,MRED,10372714,42.0304688,-87.7714712
PAST SALE,Townhouse,2319 N Hamilton Ave #6,CHICAGO,IL,60647,465000,3,2.5,Logan Square,1935,,2001,160,240,177,Sold,http://www.redfin.com/IL/Chicago/2319-N-Hamilton-Ave-60647/unit-6/home/12698897,MRED,10396126,41.9233343,-87.6810813
PAST SALE,Townhouse,345 W Barry Ave #1,CHICAGO,IL,60657,555000,4,2.5,Lake View,2100,,,181,264,171,Sold,http://www.redfin.com/IL/Chicago/345-W-Barry-Ave-60657/unit-1/home/13370652,MRED,10366737,41.9374092,-87.6387063
PAST SALE,Condo/Co-op,645 Custer Ave #203,EVANSTON,IL,60202,375000,2,2,Evanston,1425,,2011,199,263,365,Sold,http://www.redfin.com/IL/Evanston/645-Custer-Ave-60202/unit-203/home/21938681,MRED,10311099,42.0301784,-87.6799076
PAST SALE,Single Family Residential,6147 Lincoln Ave Unit D,MORTON GROVE,IL,60053,278000,3,2.5,Morton Grove,2000,,1987,199,139,250,Sold,http://www.redfin.com/IL/Morton-Grove/6147-Lincoln-Ave-60053/unit-D/home/163850514,MRED,10316084,42.0349662,-87.7811371
MLS Listing,Townhouse,2675 N Greenview Ave Unit D,Chicago,IL,60614,625000,3,2,Lincoln Park,2200,,1990,116,284,213,Contingent,http://www.redfin.com/IL/Chicago/2675-N-Greenview-Ave-60614/unit-D/home/13363470,MRED,10515073,41.9307101,-87.6650593
PAST SALE,Condo/Co-op,3505 N ELSTON Ave #2,Chicago,IL,60618,279000,3,2,Avondale,,,2008,3635,,124,Sold,http://www.redfin.com/IL/Chicago/3505-N-Elston-Ave-60618/unit-2/home/17176692,MRED,7328323,41.9451523,-87.706109
PAST SALE,Townhouse,3262 W Armitage Ave #2,CHICAGO,IL,60647,394000,3,2.5,Logan Square,2000,,2007,181,197,160,Sold,http://www.redfin.com/IL/Chicago/3262-W-Armitage-Ave-60647/unit-2/home/12598234,MRED,10312351,41.9175613,-87.7094972
PAST SALE,Townhouse,300 NARRAGANSETT Ct,MORTON GROVE,IL,60053,362000,3,2.5,Morton Grove,1900,,2008,202,191,240,Sold,http://www.redfin.com/IL/Morton-Grove/300-Narragansett-Ct-60053/home/64226005,MRED,10370522,42.0395205,-87.786403
PAST SALE,Townhouse,3244 N KILBOURN Ave #7,CHICAGO,IL,60641,189900,3,2,Irving Park,,,2005,4093,,150,Sold,http://www.redfin.com/IL/Chicago/3244-N-Kilbourn-Ave-60641/unit-7/home/12641341,MRED,6811371,41.9402349,-87.7401179
PAST SALE,Townhouse,2600 W Bloomingdale Ave,CHICAGO,IL,60647,630000,4,3.5,Logan Square,2915,,2002,205,216,175,Sold,http://www.redfin.com/IL/Chicago/2600-W-Bloomingdale-Ave-60647/unit-27/home/12719181,MRED,10370217,41.9140901,-87.6924209
PAST SALE,Townhouse,2826 N Talman Ave Unit B,CHICAGO,IL,60618,382000,3,2.5,Avondale,1858,711,2002,745,206,150,Sold,http://www.redfin.com/IL/Chicago/2826-N-Talman-Ave-60618/unit-B/home/12702393,MRED,9792582,41.9330199,-87.6941975
PAST SALE,Condo/Co-op,2828 N Talman Ave Unit D,CHICAGO,IL,60618,407000,3,2,Avondale,1850,,1998,199,220,285,Sold,http://www.redfin.com/IL/Chicago/2828-N-Talman-Ave-60618/unit-D/home/12719634,MRED,10345255,41.9330502,-87.6941256
PAST SALE,Single Family Residential,8710 Springfield Ave,SKOKIE,IL,60076,230000,3,1.5,Skokie,1512,3689,1956,416,152,,Sold,http://www.redfin.com/IL/Skokie/8710-Springfield-Ave-60076/home/13608917,MRED,10106275,42.0393738,-87.7256887
PAST SALE,Single Family Residential,5436 N Lowell Ave,CHICAGO,IL,60630,489000,3,3.5,North Park,,5553,1999,158,,,Sold,http://www.redfin.com/IL/Chicago/5436-N-Lowell-Ave-60630/home/12806741,MRED,10387258,41.980764,-87.7375676
PAST SALE,Single Family Residential,6338 N Hamlin Ave,CHICAGO,IL,60659,515000,4,3.5,North Park,,4190,1951,131,,,Sold,http://www.redfin.com/IL/Chicago/6338-N-Hamlin-Ave-60659/home/22892141,MRED,10367723,41.9966322,-87.7242073
PAST SALE,Townhouse,1801 W Diversey Pkwy #25,Chicago,IL,60614,505000,3,2,Lincoln Park,2100,,1995,80,240,362,Sold,http://www.redfin.com/IL/Chicago/1801-W-Diversey-Pkwy-60614/unit-25/home/13358805,MRED,10497797,41.931967,-87.6740088
PAST SALE,Townhouse,1064 W Chestnut St,CHICAGO,IL,60642,550000,3,2.5,West Town,2100,,2001,128,262,325,Sold,http://www.redfin.com/IL/Chicago/1064-W-Chestnut-St-60642/home/12754928,MRED,10362674,41.8983754,-87.6546819
PAST SALE,Single Family Residential,8309 Kostner Ave,SKOKIE,IL,60076,625000,6,5.5,Skokie,4100,6764,2008,153,152,,Sold,http://www.redfin.com/IL/Skokie/8309-Kostner-Ave-60076/home/13609473,MRED,10361583,42.0320142,-87.7372899
PAST SALE,Single Family Residential,3101 Country Ln,WILMETTE,IL,60091,430000,3,2.5,Wilmette,1456,8481,1959,170,295,,Sold,http://www.redfin.com/IL/Wilmette/3101-Country-Ln-60091/home/13781256,MRED,10304008,42.0813149,-87.7520755
PAST SALE,Single Family Residential,9001 E Prairie Rd,Evanston,IL,60203,352000,3,2.5,Evanston,,3249,1964,1780,,,Sold,http://www.redfin.com/IL/Evanston/9001-E-Prairie-Rd-60203/home/13626286,MRED,8731970,42.0446715,-87.7170115
PAST SALE,Single Family Residential,2903 N Wolcott Ave,Chicago,IL,60657,557500,3,2,North Center,1494,2234,1996,167,373,121,Sold,http://www.redfin.com/IL/Chicago/2903-N-Wolcott-Ave-60657/unit-B/home/13360101,MRED,10358374,41.9342949,-87.6749297
PAST SALE,Townhouse,3244 N Kilbourn Ave #16,CHICAGO,IL,60641,285000,3,2,Irving Park,1639,,2007,215,174,165,Sold,http://www.redfin.com/IL/Chicago/3244-N-Kilbourn-Ave-60641/unit-16/home/12659746,MRED,10354035,41.9402248,-87.7407214
PAST SALE,Townhouse,6147 Lincoln Ave Unit 1F,MORTON GROVE,IL,60053,315000,3,2.5,Morton Grove,2100,,1987,188,150,250,Sold,http://www.redfin.com/IL/Morton-Grove/6147-Lincoln-Ave-60053/unit-1F/home/13616644,MRED,10309444,42.0349662,-87.7811371
MLS Listing,Single Family Residential,4212 Howard St,Skokie,IL,60076,579900,7,3.5,Skokie,4400,6198,1955,73,132,,Active,http://www.redfin.com/IL/Skokie/4212-Howard-St-60076/home/13599574,MRED,10554338,42.019245,-87.733824
PAST SALE,Single Family Residential,6586 N HIAWATHA Ave,Chicago,IL,60646,427500,4,2,Forest Glen,1719,7078,1925,74,249,,Sold,http://www.redfin.com/IL/Chicago/6586-N-Hiawatha-Ave-60646/home/13590274,MRED,10551459,42.0003071,-87.7646866
PAST SALE,Single Family Residential,7008 N Keating Ave,LINCOLNWOOD,IL,60712,445000,4,2,Lincolnwood,,7788,1952,205,,,Sold,http://www.redfin.com/IL/Lincolnwood/7008-N-Keating-Ave-60712/home/13589450,MRED,10164682,42.0084556,-87.747134
PAST SALE,Single Family Residential,9408 Tripp Ave,SKOKIE,IL,60076,367000,3,2,Skokie,1459,7627,1957,201,252,,Sold,http://www.redfin.com/IL/Skokie/9408-Tripp-Ave-60076/home/13625278,MRED,10356291,42.0519803,-87.7338448
PAST SALE,Townhouse,511 N PEORIA St,CHICAGO,IL,60642,620000,3,2.5,West Town,2400,900,2004,142,258,235,Sold,http://www.redfin.com/IL/Chicago/511-N-Peoria-St-60642/home/12697686,MRED,10353686,41.8915563,-87.6498223
PAST SALE,Townhouse,4640 N PAULINA St Unit C,CHICAGO,IL,60640,355000,3,1.5,Uptown,,,1960,158,,,Sold,http://www.redfin.com/IL/Chicago/4640-N-Paulina-St-60640/unit-C/home/13391497,MRED,10427690,41.966453,-87.671474
PAST SALE,Townhouse,1664 N Bissell St,CHICAGO,IL,60614,500000,2,2,Lincoln Park,1270,800,1985,192,394,,Sold,http://www.redfin.com/IL/Chicago/1664-N-Bissell-St-60614/home/13350077,MRED,10323920,41.9124249,-87.6504909
PAST SALE,Townhouse,7748 Lincoln Ave,SKOKIE,IL,60077,350000,3,2.5,Skokie,1700,,2005,152,206,200,Sold,http://www.redfin.com/IL/Skokie/7748-Lincoln-Ave-60077/home/12605537,MRED,10342268,42.0221405,-87.7527869
PAST SALE,Townhouse,2666 Prairie Ave Unit A,EVANSTON,IL,60201,500000,3,2.5,Evanston,1800,3400,1972,174,278,83,Sold,http://www.redfin.com/IL/Evanston/2666-Prairie-Ave-60201/unit-A/home/13772703,MRED,10337695,42.0659012,-87.7021443
PAST SALE,Single Family Residential,7935 Kildare Ave,SKOKIE,IL,60076,375000,3,2,Skokie,,6520,1964,227,,,Sold,http://www.redfin.com/IL/Skokie/7935-N-Kildare-Ave-60076/home/13600307,MRED,10349254,42.0254692,-87.7351719
PAST SALE,Single Family Residential,230 Locust Rd,WILMETTE,IL,60091,415000,3,2,Wilmette,1288,8398,1959,194,322,,Sold,http://www.redfin.com/IL/Wilmette/230-Locust-Rd-60091/home/13777148,MRED,10274050,42.0681365,-87.7418453
MLS Listing,Townhouse,1825 Wilmette Ave Unit C,Wilmette,IL,60091,445000,3,3.5,Wilmette,2000,,1998,116,223,225,Active,http://www.redfin.com/IL/Wilmette/1825-Wilmette-Ave-60091/unit-C/home/13777667,MRED,10514119,42.071855,-87.7218709
PAST SALE,Townhouse,605 4th St,WILMETTE,IL,60091,380000,3,1.5,Wilmette,1426,,1958,191,266,1,Sold,http://www.redfin.com/IL/Wilmette/605-4th-St-60091/home/13772882,MRED,10343568,42.075463,-87.692223
PAST SALE,Single Family Residential,3811 Louise St,Skokie,IL,60076,370000,4,2.5,Skokie,1500,5623,1957,219,247,,Sold,http://www.redfin.com/IL/Skokie/3811-Louise-St-60076/home/13601289,MRED,10142608,42.0251116,-87.7239187
PAST SALE,Townhouse,2733 N Janssen Ave Unit A,CHICAGO,IL,60614,572000,2,2,Lincoln Park,,,1989,219,,251,Sold,http://www.redfin.com/IL/Chicago/2733-N-Janssen-Ave-60614/unit-A/home/12554871,MRED,10329962,41.931937,-87.665184
MLS Listing,Townhouse,8 Park Ave,River Forest,IL,60305,499000,3,3,River Forest,2313,1000,2006,27,216,124,Active,http://www.redfin.com/IL/River-Forest/8-Park-Ave-60305/home/26809923,MRED,10589012,41.8797005,-87.8194435
PAST SALE,Townhouse,4646 N Greenview Ave #11,CHICAGO,IL,60640,503000,2,2,Uptown,,,2000,228,,296,Sold,http://www.redfin.com/IL/Chicago/4646-N-Greenview-Ave-60640/unit-11/home/161062033,MRED,10249245,41.966538,-87.667977
PAST SALE,Townhouse,1000 W Barry Ave,CHICAGO,IL,60657,490000,3,2,Lake View,,,1986,192,,350,Sold,http://www.redfin.com/IL/Chicago/1000-W-Barry-Ave-60657/home/13364039,MRED,10351556,41.9382315,-87.6542312
PAST SALE,Townhouse,335 GREENLEAF Ave,WILMETTE,IL,60091,345000,3,2.5,Wilmette,1684,2298,1965,2231,205,129,Sold,http://www.redfin.com/IL/Wilmette/335-Greenleaf-Ave-60091/home/13772429,MRED,8445993,42.0749128,-87.6909986
PAST SALE,Single Family Residential,7417 N Talman Ave,CHICAGO,IL,60645,562500,4,3,West Ridge,2234,4199,1949,219,252,,Sold,http://www.redfin.com/IL/Chicago/7417-N-Talman-Ave-60645/home/13602199,MRED,10322864,42.0163788,-87.6957963
PAST SALE,Single Family Residential,7641 Kildare Ave,SKOKIE,IL,60076,287000,4,2,Skokie,1395,4917,1959,177,206,,Sold,http://www.redfin.com/IL/Skokie/7641-N-Kildare-Ave-60076/home/13599288,MRED,10333277,42.0202101,-87.7352895
PAST SALE,Single Family Residential,8147 Lowell Ave,SKOKIE,IL,60076,387000,3,2,Skokie,2600,4917,1955,118,149,,Sold,http://www.redfin.com/IL/Skokie/8147-N-Lowell-Ave-60076/home/13609663,MRED,10463700,42.0294363,-87.7362496
PAST SALE,Single Family Residential,2723 Birchwood Ave,WILMETTE,IL,60091,471500,5,2.5,Wilmette,2434,8398,1957,233,194,,Sold,http://www.redfin.com/IL/Wilmette/2723-Birchwood-Ave-60091/home/13777258,MRED,10064775,42.0764348,-87.743224
PAST SALE,Townhouse,417 Greenleaf Ave,WILMETTE,IL,60091,420000,3,1.5,Wilmette,2020,,1959,195,208,,Sold,http://www.redfin.com/IL/Wilmette/417-Greenleaf-Ave-60091/home/13772317,MRED,10161676,42.074739,-87.6928779
PAST SALE,Single Family Residential,6826 N Dowagiac Ave,CHICAGO,IL,60646,459900,4,2.5,Forest Glen,1325,5166,1968,195,347,,Sold,http://www.redfin.com/IL/Chicago/6826-N-Dowagiac-Ave-60646/home/12569227,MRED,10354719,42.0043395,-87.7661666
PAST SALE,Single Family Residential,6839 N Kilpatrick Ave,LINCOLNWOOD,IL,60712,535000,4,2.5,Lincolnwood,2730,5998,1942,209,196,,Sold,http://www.redfin.com/IL/Lincolnwood/6839-N-Kilpatrick-Ave-60712/home/13589525,MRED,10324770,42.005721,-87.7457495
PAST SALE,Townhouse,814 HINMAN Ave #6,EVANSTON,IL,60202,459000,3,2.5,Evanston,1700,,1997,192,270,300,Sold,http://www.redfin.com/IL/Evanston/814-Hinman-Ave-60202/unit-6/home/13577351,MRED,10325948,42.0325539,-87.6780963
PAST SALE,Townhouse,1711 W Diversey Pkwy,CHICAGO,IL,60614,589000,3,2.5,Lincoln Park,,,2001,205,,334,Sold,http://www.redfin.com/IL/Chicago/1711-W-Diversey-Pkwy-60614/home/12753881,MRED,10323514,41.9322578,-87.6714201
PAST SALE,Townhouse,508 Callie Ct Unit 15-4,MORTON GROVE,IL,60053,345000,3,3.5,Morton Grove,1680,,2006,129,205,311,Sold,http://www.redfin.com/IL/Morton-Grove/508-Callie-Ct-60053/unit-15-4/home/26801831,MRED,10319072,42.0346306,-87.7836462
PAST SALE,Single Family Residential,3307 Wilmette Ave,WILMETTE,IL,60091,400000,3,2,Wilmette,,5000,1963,191,,,Sold,http://www.redfin.com/IL/Wilmette/3307-Wilmette-Ave-60091/home/13779884,MRED,10312546,42.0720096,-87.7572473
PAST SALE,Single Family Residential,7657 Park Ave,SKOKIE,IL,60077,347000,3,2,Skokie,1600,7305,1956,240,217,,Sold,http://www.redfin.com/IL/Skokie/7657-Park-Ave-60077/home/13598914,MRED,10322548,42.0207503,-87.7608229
PAST SALE,Single Family Residential,4653 N LAPORTE Ave,CHICAGO,IL,60630,535000,6,5.5,Portage Park,3600,2500,2005,141,149,40,Sold,http://www.redfin.com/IL/Chicago/4653-N-Laporte-Ave-60630/home/12634824,MRED,10421672,41.965825,-87.7511146
PAST SALE,Single Family Residential,6619 N Crawford Ave,LINCOLNWOOD,IL,60712,368000,3,3,Lincolnwood,,2922,1953,212,,,Sold,http://www.redfin.com/IL/Lincolnwood/6619-N-Crawford-Ave-60712/home/13587707,MRED,10318808,42.001488,-87.728436
PAST SALE,Single Family Residential,7245 N Keeler Ave,LINCOLNWOOD,IL,60712,472000,4,2.5,Lincolnwood,3000,3929,1954,158,157,,Sold,http://www.redfin.com/IL/Lincolnwood/7245-Keeler-Ave-60712/home/13597749,MRED,10316126,42.013104,-87.732995
PAST SALE,Townhouse,5350 N Damen Ave Unit G,CHICAGO,IL,60625,415000,2,2.5,Lincoln Square,1615,,1997,263,257,205,Sold,http://www.redfin.com/IL/Chicago/5350-N-Damen-Ave-60625/unit-G/home/12773911,MRED,10323377,41.9793022,-87.6798686
PAST SALE,Townhouse,3354 Church St,EVANSTON,IL,60203,365000,2,2.5,Evanston,,1680,1993,234,,250,Sold,http://www.redfin.com/IL/Evanston/3354-Church-St-60203/home/13626730,MRED,10314423,42.0484003,-87.7130668
PAST SALE,Single Family Residential,6550 N Kenton Ave,LINCOLNWOOD,IL,60712,530000,5,4.5,Lincolnwood,2947,8580,1972,151,180,,Sold,http://www.redfin.com/IL/Lincolnwood/6550-N-Kenton-Ave-60712/home/13587252,MRED,10270595,42.0005181,-87.7437688
PAST SALE,Townhouse,8217 Lincoln Ave,SKOKIE,IL,60077,360000,3,2.5,Skokie,2700,,2002,2109,133,220,Sold,http://www.redfin.com/IL/Skokie/8217-Lincoln-Ave-60077/home/12654623,MRED,8504924,42.030568,-87.754925
PAST SALE,Townhouse,4141 N Narragansett Ave #10,CHICAGO,IL,60634,440500,4,3.5,Portage Park,3074,3960,2005,250,143,200,Sold,http://www.redfin.com/IL/Chicago/4141-N-Narragansett-Ave-60634/unit-10/home/12609137,MRED,10309032,41.9560532,-87.7855168
PAST SALE,Townhouse,9056 FORESTVIEW Rd,EVANSTON,IL,60203,365000,3,2.5,Evanston,1955,,1984,219,187,365,Sold,http://www.redfin.com/IL/Evanston/9056-Forestview-Rd-60203/home/13626528,MRED,10309520,42.046105,-87.714348
PAST SALE,Single Family Residential,3821 Madison St,SKOKIE,IL,60076,400000,3,2,Skokie,1494,,1963,243,268,,Sold,http://www.redfin.com/IL/Skokie/3821-Madison-St-60076/home/13606787,MRED,10302178,42.0315561,-87.7241022
PAST SALE,Condo/Co-op,1151 W Eddy St Unit D,Chicago,IL,60657,428000,3,2,Lake View,1498,,1992,205,286,99,Sold,http://www.redfin.com/IL/Chicago/1151-W-Eddy-St-60657/unit-D/home/13381193,MRED,10305169,41.946039,-87.65786
PAST SALE,Townhouse,525 Chicago Ave Unit F,EVANSTON,IL,60202,485000,3,2.5,Evanston,2205,,2004,198,220,275,Sold,http://www.redfin.com/IL/Evanston/525-Chicago-Ave-60202/unit-F/home/12672783,MRED,10299401,42.0282528,-87.6778721
PAST SALE,Single Family Residential,3112 Central St,EVANSTON,IL,60201,640000,4,4,Evanston,3246,3049,2005,207,197,250,Sold,http://www.redfin.com/IL/Evanston/3112-Central-St-60201/home/12655211,MRED,10293157,42.064255,-87.721203
PAST SALE,Single Family Residential,4324 W Berwyn Ave,CHICAGO,IL,60630,560000,5,3.5,North Park,2800,5898,2005,262,200,,Sold,http://www.redfin.com/IL/Chicago/4324-W-Berwyn-Ave-60630/home/13495954,MRED,10127483,41.977783,-87.7366915
PAST SALE,Townhouse,1667 CHURCH St,EVANSTON,IL,60201,389000,3,2.5,Evanston,1795,,2008,268,217,190,Sold,http://www.redfin.com/IL/Evanston/1667-Church-St-60201/home/21634677,MRED,10159376,42.0493069,-87.6955117
PAST SALE,Single Family Residential,7239 N Oconto Ave,CHICAGO,IL,60631,755000,4,2.5,Edison Park,2868,4499,2012,240,263,,Sold,http://www.redfin.com/IL/Chicago/7239-N-Oconto-Ave-60631/home/13650890,MRED,10272592,42.0128706,-87.8075493
PAST SALE,Single Family Residential,5073 N Kimberly Ave,CHICAGO,IL,60630,560000,4,3.5,Albany Park,3592,3432,2007,269,156,,Sold,http://www.redfin.com/IL/Chicago/5073-N-Kimberly-Ave-60630/home/22828268,MRED,10268598,41.9728649,-87.7434787
PAST SALE,Townhouse,604 Callie Ct,MORTON GROVE,IL,60053,400000,3,3.5,Morton Grove,2200,2200,2006,240,182,330,Sold,http://www.redfin.com/IL/Morton-Grove/604-Callie-Ct-60053/home/160410550,MRED,10266464,42.035845,-87.784569
PAST SALE,Condo/Co-op,4212 W Harrington Ln Unit B2,Chicago,IL,60646,300000,2,2,Forest Glen,,,1987,221,,425,Sold,http://www.redfin.com/IL/Chicago/4212-Harrington-Ln-60646/unit-B2/home/13512698,MRED,10252321,41.9897925,-87.7341887
PAST SALE,Single Family Residential,8534 Mango Ave,MORTON GROVE,IL,60053,635000,4,5,Morton Grove,2792,6599,2007,269,227,,Sold,http://www.redfin.com/IL/Morton-Grove/8534-Mango-Ave-60053/home/13613887,MRED,10145662,42.0366987,-87.7707601
PAST SALE,Townhouse,2743 N WOLCOTT Ave #41,CHICAGO,IL,60614,485000,2,2,Lincoln Park,2200,,1996,310,220,268,Sold,http://www.redfin.com/IL/Chicago/2743-N-Wolcott-Ave-60614/unit-41/home/12805252,MRED,10031062,41.9319593,-87.6747396
PAST SALE,Townhouse,8606 PRAIRIE St Unit 9-4,MORTON GROVE,IL,60053,269990,3,2.5,Morton Grove,1721,,2010,2875,157,183,Sold,http://www.redfin.com/IL/Morton-Grove/8606-Prairie-St-60053/unit-9-4/home/146249705,MRED,7954217,42.0368674,-87.7974531
PAST SALE,Single Family Residential,6822 W Oakton Ct,NILES,IL,60714,680100,4,4.5,Niles,5000,6268,2008,264,136,,Sold,http://www.redfin.com/IL/Niles/6822-W-Oakton-Ct-60714/home/13615433,MRED,10274499,42.0274632,-87.7971208
PAST SALE,Townhouse,4726 N Lamon Ave,CHICAGO,IL,60630,343000,3,3.5,Portage Park,2090,,2006,422,164,382,Sold,http://www.redfin.com/IL/Chicago/4726-N-Lamon-Ave-60630/home/12594354,MRED,10104112,41.9666752,-87.7505177
PAST SALE,Single Family Residential,5737 N Lansing Ave,CHICAGO,IL,60646,670000,4,3.5,Forest Glen,2720,4373,2018,374,246,,Sold,http://www.redfin.com/IL/Chicago/5737-N-Lansing-Ave-60646/home/13513095,MRED,10022683,41.9852587,-87.7517079
PAST SALE,Townhouse,7402 Lincoln Ave Unit C,SKOKIE,IL,60076,359000,3,2,Skokie,1855,1771,1998,346,194,388,Sold,http://www.redfin.com/IL/Skokie/7402-Lincoln-Ave-60076/unit-C/home/12778353,MRED,10133134,42.0155368,-87.7462403
PAST SALE,Single Family Residential,5863 N Kingsdale Ave,CHICAGO,IL,60646,450000,5,3.5,Forest Glen,2430,3746,1953,202,185,,Sold,http://www.redfin.com/IL/Chicago/5863-N-Kingsdale-Ave-60646/home/13514760,MRED,10306079,41.9863791,-87.7438944
PAST SALE,Single Family Residential,3855 LEE St,SKOKIE,IL,60076,316000,4,1.5,Skokie,1566,6499,1955,216,202,,Sold,http://www.redfin.com/IL/Skokie/3855-Lee-St-60076/home/13608732,MRED,10334233,42.0351692,-87.7251692
PAST SALE,Single Family Residential,9614 Kildare Ave,SKOKIE,IL,60076,455000,4,2.5,Skokie,2124,8646,1962,355,214,,Sold,http://www.redfin.com/IL/Skokie/9614-N-Kildare-Ave-60076/home/13633401,MRED,10146214,42.055856,-87.735051
PAST SALE,Townhouse,1801 W Diversey Pkwy #23,CHICAGO,IL,60614,450000,3,2,Lincoln Park,1500,,1995,366,300,285,Sold,http://www.redfin.com/IL/Chicago/1801-W-Diversey-Pkwy-60614/unit-23/home/12818373,MRED,10132467,41.931967,-87.6740088
MLS Listing,Single Family Residential,7125 N East Prairie Rd,Lincolnwood,IL,60712,489500,3,2,Lincolnwood,,7501,1956,136,,,Active,http://www.redfin.com/IL/Lincolnwood/7125-E-Prairie-Rd-60712/home/13588149,MRED,10493319,42.0106296,-87.7258334
PAST SALE,Condo/Co-op,1801 W Diversey Pkwy #27,CHICAGO,IL,60614,495000,3,2,Lincoln Park,2100,,1996,326,236,362,Sold,http://www.redfin.com/IL/Chicago/1801-W-Diversey-Pkwy-60614/unit-27/home/22984433,MRED,10096256,41.931967,-87.6740088
PAST SALE,Condo/Co-op,1801 W Diversey Pkwy #13,CHICAGO,IL,60614,495000,3,2.5,Lincoln Park,2010,,1996,397,246,344,Sold,http://www.redfin.com/IL/Chicago/1801-W-Diversey-Pkwy-60614/unit-13/home/12805898,MRED,10069870,41.931967,-87.6740088
PAST SALE,Townhouse,5906 N Northwest Hwy,CHICAGO,IL,60631,424000,3,4.5,Norwood Park,2900,,2008,146,146,221,Sold,http://www.redfin.com/IL/Chicago/5906-N-Northwest-Hwy-60631/home/18929351,MRED,10345555,41.9883574,-87.792201
PAST SALE,Condo/Co-op,4259 W Thorndale Ave,CHICAGO,IL,60646,420000,4,3.5,Forest Glen,2795,2120,1989,331,150,425,Sold,http://www.redfin.com/IL/Chicago/4259-W-Thorndale-Ave-60646/home/13512503,MRED,10051491,41.9886925,-87.7361735
PAST SALE,Townhouse,5936 N SAUGANASH Ln,CHICAGO,IL,60646,485000,3,3.5,Forest Glen,2226,,1987,282,218,425,Sold,http://www.redfin.com/IL/Chicago/5936-N-Sauganash-Ln-60646/home/13513376,MRED,10268273,41.989512,-87.735649
PAST SALE,Townhouse,9025 Lincolnwood Dr,EVANSTON,IL,60203,348000,2,3,Evanston,1830,,1984,242,190,365,Sold,http://www.redfin.com/IL/Evanston/9025-Lincolnwood-Dr-60203/unit-2B/home/13627115,MRED,10128509,42.0452439,-87.715174
PAST SALE,Townhouse,111 Concord Ct,MORTON GROVE,IL,60053,360000,3,2.5,Morton Grove,1913,1491,2014,401,188,215,Sold,http://www.redfin.com/IL/Morton-Grove/111-Concord-Dr-60053/home/144509198,MRED,10070718,42.0334602,-87.7828295
PAST SALE,Townhouse,4206 W Thorndale Ave,CHICAGO,IL,60646,412000,3,3.5,Forest Glen,1994,,1991,282,207,425,Sold,http://www.redfin.com/IL/Chicago/4206-W-Thorndale-Ave-60646/home/13512801,MRED,10120614,41.989095,-87.734047
PAST SALE,Single Family Residential,7165 N East Prairie Rd,LINCOLNWOOD,IL,60712,520000,4,4.5,Lincolnwood,2209,6529,2006,352,235,,Sold,http://www.redfin.com/IL/Lincolnwood/7165-E-Prairie-Rd-60712/home/18946411,MRED,10123484,42.01152,-87.7259388
PAST SALE,Single Family Residential,4855 N Tripp Ave,CHICAGO,IL,60630,480400,4,3,Albany Park,,4190,1916,305,,,Sold,http://www.redfin.com/IL/Chicago/4855-N-Tripp-Ave-60630/home/13494050,MRED,10170027,41.9697786,-87.7339521
PAST SALE,Single Family Residential,7534 N OLEANDER Ave,CHICAGO,IL,60631,383000,3,2,Edison Park,1340,3750,1953,373,286,,Sold,http://www.redfin.com/IL/Chicago/7534-N-Oleander-Ave-60631/home/13650848,MRED,10107957,42.0180092,-87.8154219
PAST SALE,Single Family Residential,7329 N Oconto Ave,CHICAGO,IL,60631,350000,4,2,Edison Park,,3750,1953,359,,,Sold,http://www.redfin.com/IL/Chicago/7329-N-Oconto-Ave-60631/home/13651350,MRED,10016092,42.0144169,-87.8075109
PAST SALE,Townhouse,7503 FRONTAGE Rd #7503,Skokie,IL,60076,202000,3,3,Skokie,1870,,2004,3665,108,200,Sold,http://www.redfin.com/IL/Skokie/7503-Frontage-Rd-60077/unit-7503/home/22670115,MRED,7377996,42.0175956,-87.7582249
PAST SALE,Single Family Residential,5157 Estes Ave,SKOKIE,IL,60077,430000,3,2.5,Skokie,1300,6821,1952,359,331,,Sold,http://www.redfin.com/IL/Skokie/5157-Estes-Ave-60077/home/13589708,MRED,10120893,42.0098368,-87.7574587
MLS Listing,Single Family Residential,6960 N Central Ave,Chicago,IL,60646,349900,3,2,Forest Glen,,4883,1969,40,,,Active,http://www.redfin.com/IL/Chicago/6960-N-Central-Ave-60646/home/13590922,MRED,10581672,42.0081277,-87.7620532
PAST SALE,Townhouse,4712 N Lamon Ave Unit H,CHICAGO,IL,60630,355000,3,3.5,Portage Park,,,2005,271,,382,Sold,http://www.redfin.com/IL/Chicago/4712-N-Lamon-Ave-60630/unit-H/home/12617483,MRED,10102973,41.9678486,-87.7509846
PAST SALE,Townhouse,4919 W Gunnison St,CHICAGO,IL,60630,328500,3,2.5,Forest Glen,2223,997,2000,314,148,200,Sold,http://www.redfin.com/IL/Chicago/4919-W-Gunnison-St-60630/home/12706153,MRED,10149074,41.9685421,-87.7509944
PAST SALE,Single Family Residential,142 Millbrook Ln,WILMETTE,IL,60091,532500,5,3.5,Wilmette,2748,9491,1959,298,194,,Sold,http://www.redfin.com/IL/Wilmette/142-Millbrook-Ln-60091/home/13779316,MRED,10251619,42.0666711,-87.7539213
PAST SALE,Townhouse,5930 N sauganash Ln,CHICAGO,IL,60646,385000,3,3.5,Forest Glen,,,1989,191,,425,Sold,http://www.redfin.com/IL/Chicago/5930-N-Sauganash-Ln-60646/home/13513270,MRED,10102694,41.9893183,-87.7355833
PAST SALE,Single Family Residential,5660 N Kerbs Ave,CHICAGO,IL,60646,473000,3,2.5,Forest Glen,1557,6891,1959,354,304,,Sold,http://www.redfin.com/IL/Chicago/5660-N-Kerbs-Ave-60646/home/13513233,MRED,10113040,41.9843939,-87.7461441
PAST SALE,Townhouse,6809 Meadow Ln,MORTON GROVE,IL,60053,295000,3,2.5,Morton Grove,1721,,2010,387,171,251,Sold,http://www.redfin.com/IL/Morton-Grove/6809-Meadow-Ln-60053/home/52636449,MRED,10117154,42.0370315,-87.7975929
PAST SALE,Single Family Residential,7110 W Monroe St,NILES,IL,60714,380000,3,2,Niles,1200,6268,1956,382,317,,Sold,http://www.redfin.com/IL/Niles/7110-W-Monroe-St-60714/home/13616860,MRED,10115587,42.0293636,-87.8045151
PAST SALE,Single Family Residential,6512 N KIMBALL Ave,LINCOLNWOOD,IL,60712,495000,3,3.5,Lincolnwood,,5083,1941,341,,,Sold,http://www.redfin.com/IL/Lincolnwood/6512-N-Kimball-Ave-60712/home/13586748,MRED,10088982,41.9995562,-87.7146062
PAST SALE,Single Family Residential,6616 N Minnehaha Ave,LINCOLNWOOD,IL,60712,610000,4,3,Lincolnwood,3600,9374,1963,339,169,,Sold,http://www.redfin.com/IL/Lincolnwood/6616-N-Minnehaha-Ave-60712/home/13590520,MRED,10089649,42.0009807,-87.7595349
PAST SALE,Single Family Residential,4133 Suffield Ct,SKOKIE,IL,60076,400000,3,2.5,Skokie,1600,7261,1957,401,250,,Sold,http://www.redfin.com/IL/Skokie/4133-Suffield-Ct-60076/home/13623127,MRED,10085153,42.0431984,-87.7314597
PAST SALE,Townhouse,8607 Prairie St,MORTON GROVE,IL,60053,355410,3,2.5,Morton Grove,1758,1986,2018,370,202,302,Sold,http://www.redfin.com/IL/Morton-Grove/8607-Prairie-St-60053/home/145683735,MRED,10082526,42.03730341,-87.79690946
PAST SALE,Single Family Residential,4828 Jarvis Ave,SKOKIE,IL,60077,318000,3,2,Skokie,1809,5580,1956,401,176,,Sold,http://www.redfin.com/IL/Skokie/4828-Jarvis-Ave-60077/home/13596789,MRED,10068596,42.01565,-87.7489323
PAST SALE,Single Family Residential,8645 Keystone Ave,SKOKIE,IL,60076,405000,5,3,Skokie,2884,5950,1955,430,140,,Sold,http://www.redfin.com/IL/Skokie/8645-Keystone-Ave-60076/home/13610923,MRED,10108734,42.0385257,-87.7287474
PAST SALE,Single Family Residential,6772 N Dowagiac Ave,CHICAGO,IL,60646,549000,5,2.5,Forest Glen,2055,6499,1938,381,267,,Sold,http://www.redfin.com/IL/Chicago/6772-N-Dowagiac-Ave-60646/home/13590475,MRED,10128924,42.0035717,-87.7644751
PAST SALE,Single Family Residential,9237 Tripp Ave,SKOKIE,IL,60076,333000,3,2,Skokie,2341,5893,1964,338,142,,Sold,http://www.redfin.com/IL/Skokie/9237-Tripp-Ave-60076/home/13626126,MRED,10067880,42.0491294,-87.7333255
PAST SALE,Single Family Residential,7244 N Kostner Ave,LINCOLNWOOD,IL,60712,435000,4,2.5,Lincolnwood,2803,6250,1966,440,155,,Sold,http://www.redfin.com/IL/Lincolnwood/7244-N-Kostner-Ave-60712/home/13599840,MRED,10092244,42.0131019,-87.7385346
PAST SALE,Single Family Residential,8232 KOSTNER Ave,SKOKIE,IL,60076,430000,3,2,Skokie,,7013,1955,452,,,Sold,http://www.redfin.com/IL/Skokie/8232-Kostner-Ave-60076/home/13610907,MRED,10072450,42.0308871,-87.7380007
PAST SALE,Single Family Residential,8209 N Kildare Ave,SKOKIE,IL,60076,400000,3,2.5,Skokie,2000,4917,1962,387,200,,Sold,http://www.redfin.com/IL/Skokie/8209-N-Kildare-Ave-60076/home/13609253,MRED,10060920,42.0301487,-87.735023
PAST SALE,Single Family Residential,444 ROMONA Rd,WILMETTE,IL,60091,360000,3,2,Wilmette,2196,7209,1954,298,164,,Sold,http://www.redfin.com/IL/Wilmette/444-Romona-Rd-60091/home/13777822,MRED,10059700,42.0717785,-87.746144
PAST SALE,Single Family Residential,6630 N Kilpatrick Ave,LINCOLNWOOD,IL,60712,455000,4,2.5,Lincolnwood,1787,7261,1956,450,255,,Sold,http://www.redfin.com/IL/Lincolnwood/6630-N-Kilpatrick-Ave-60712/home/13587091,MRED,10051460,42.0017822,-87.7460956
PAST SALE,Single Family Residential,9314 Lincolnwood Dr,EVANSTON,IL,60203,490000,4,2,Evanston,,8646,1955,457,,,Sold,http://www.redfin.com/IL/Evanston/9314-Lincolnwood-Dr-60203/home/13626242,MRED,10038678,42.0504652,-87.7158338
PAST SALE,Single Family Residential,5700 Carol Ave,MORTON GROVE,IL,60053,326000,3,2,Morton Grove,,5606,1961,450,,,Sold,http://www.redfin.com/IL/Morton-Grove/5700-Carol-Ave-60053/home/13615808,MRED,10049310,42.0402269,-87.7692995
PAST SALE,Single Family Residential,9113 Mcvicker Ave,MORTON GROVE,IL,60053,470000,4,4,Morton Grove,2570,5458,2002,475,183,,Sold,http://www.redfin.com/IL/Morton-Grove/9113-Mc-Vicker-Ave-60053/home/13620707,MRED,10048796,42.0468519,-87.7770827
PAST SALE,Single Family Residential,215 NEVA Ave,GLENVIEW,IL,60025,428475,3,2,Glenview Golf,2127,5519,1952,300,201,,Sold,http://www.redfin.com/IL/Glenview/215-Neva-Ave-60025/home/13633790,MRED,10263946,42.0595642,-87.8031323
PAST SALE,Single Family Residential,77 Overlook Dr,GOLF,IL,60029,1790000,5,4.5,Glenview Golf,7333,26898,2016,225,244,,Sold,http://www.redfin.com/IL/Golf/77-Overlook-Dr-60029/home/13634463,MRED,10139510,42.0560025,-87.7866514
PAST SALE,Single Family Residential,2815 W BALMORAL Ave,CHICAGO,IL,60625,349777,3,2,Lincoln Square,,3750,1953,471,,,Sold,http://www.redfin.com/IL/Chicago/2815-W-Balmoral-Ave-60625/unit-2W/home/13492559,MRED,10057008,41.9792375,-87.6997172
PAST SALE,Single Family Residential,937 Brown Ave,EVANSTON,IL,60202,391500,4,2,Evanston,1800,8350,1965,480,218,,Sold,http://www.redfin.com/IL/Evanston/937-Brown-Ave-60202/home/12556774,MRED,10045403,42.0352217,-87.7005279
PAST SALE,Single Family Residential,4926 Pratt Ave,SKOKIE,IL,60077,480000,3,3.5,Skokie,1871,6181,1967,461,257,,Sold,http://www.redfin.com/IL/Skokie/4926-Pratt-Ave-60077/home/13591179,MRED,10041036,42.004833,-87.751696
PAST SALE,Single Family Residential,8334 Central Ave,MORTON GROVE,IL,60053,335000,4,2,Morton Grove,1844,6220,1968,431,182,,Sold,http://www.redfin.com/IL/Morton-Grove/8334-Central-Ave-60053/home/12703213,MRED,10074856,42.0331318,-87.767243
PAST SALE,Single Family Residential,9217 Kilpatrick Ave,SKOKIE,IL,60076,390000,4,2,Skokie,,5118,1963,366,,,Sold,http://www.redfin.com/IL/Skokie/9217-Kilpatrick-Ave-60076/home/13625728,MRED,10032922,42.0486485,-87.7442084
PAST SALE,Single Family Residential,8944 Central Park Ave,EVANSTON,IL,60203,437800,4,3,Evanston,2515,8664,1957,262,174,,Sold,http://www.redfin.com/IL/Evanston/8944-Central-Park-Ave-60203/home/13626544,MRED,10161399,42.0439281,-87.717531
PAST SALE,Single Family Residential,7340 N Keystone Ave,LINCOLNWOOD,IL,60712,445000,4,2,Lincolnwood,1450,6551,1957,415,307,,Sold,http://www.redfin.com/IL/LINCOLNWOOD/7340-N-KEYSTONE-AVE-60712/home/13598061,MRED,10084155,42.014892,-87.730071
PAST SALE,Single Family Residential,3617 GREENLEAF St,SKOKIE,IL,60076,347500,4,3,Skokie,1340,5357,1953,340,259,,Sold,http://www.redfin.com/IL/Skokie/3617-Greenleaf-St-60076/home/13608259,MRED,10030585,42.037066,-87.7191368
PAST SALE,Single Family Residential,5126 Conrad St,SKOKIE,IL,60077,430000,3,2,Skokie,1871,5580,1964,384,230,,Sold,http://www.redfin.com/IL/Skokie/5126-Conrad-St-60077/home/13613219,MRED,10079658,42.0383373,-87.7556131
PAST SALE,Single Family Residential,6224 N Karlov Ave,CHICAGO,IL,60646,551000,5,3,Forest Glen,2225,4090,1951,529,248,,Sold,http://www.redfin.com/IL/Chicago/6224-N-Karlov-Ave-60646/home/13514707,MRED,9973523,41.9944592,-87.7316323
PAST SALE,Single Family Residential,327 Sherman Ave,EVANSTON,IL,60202,414900,4,3.5,Evanston,2428,4229,2000,332,171,,Sold,http://www.redfin.com/IL/Evanston/327-Sherman-Ave-60202/home/12777955,MRED,10079588,42.0239741,-87.681325
PAST SALE,Single Family Residential,6209 N LOWELL Ave,CHICAGO,IL,60646,375000,4,3,Forest Glen,1621,6324,,314,231,,Sold,http://www.redfin.com/IL/Chicago/6209-N-Lowell-Ave-60646/home/13514457,MRED,10077976,41.9939854,-87.7371233
PAST SALE,Single Family Residential,6705 N Kostner Ave,LINCOLNWOOD,IL,60712,440000,3,2,Lincolnwood,1950,7200,1955,191,226,,Sold,http://www.redfin.com/IL/Lincolnwood/6705-N-Kostner-Ave-60712/home/22819970,MRED,10313820,42.003303,-87.7387068
PAST SALE,Single Family Residential,9438 Keystone Ave,SKOKIE,IL,60076,455000,4,2.5,Skokie,2294,7858,1955,423,198,,Sold,http://www.redfin.com/IL/Skokie/9438-Keystone-Ave-60076/home/13625712,MRED,10094336,42.0527933,-87.7290167
PAST SALE,Single Family Residential,9314 MASON Ave,MORTON GROVE,IL,60053,345000,3,2,Morton Grove,1300,7313,1961,283,265,,Sold,http://www.redfin.com/IL/Morton-Grove/9314-Mason-Ave-60053/home/13620376,MRED,10264140,42.0505645,-87.7751995
PAST SALE,Single Family Residential,6949 N Keystone Ave,LINCOLNWOOD,IL,60712,347000,3,3,Lincolnwood,1310,5789,1954,500,265,,Sold,http://www.redfin.com/IL/Lincolnwood/6949-N-Keystone-Ave-60712/home/13589567,MRED,10025786,42.007716,-87.729518
PAST SALE,Single Family Residential,1140 Hartrey Ave,EVANSTON,IL,60202,255000,3,2,Evanston,1600,8498,1959,402,159,,Sold,http://www.redfin.com/IL/Evanston/1140-Hartrey-Ave-60202/home/13607034,MRED,9946388,42.0389299,-87.7041494
PAST SALE,Single Family Residential,3839 W Fitch Ave,LINCOLNWOOD,IL,60712,351000,4,2,Lincolnwood,,3625,1927,471,,,Sold,http://www.redfin.com/IL/Lincolnwood/3839-Fitch-60712/home/13588151,MRED,9998382,42.0105912,-87.725334
PAST SALE,Single Family Residential,8557 Kedvale Ave,SKOKIE,IL,60076,375000,4,2,Skokie,1490,7069,1952,425,252,,Sold,http://www.redfin.com/IL/Skokie/8557-Kedvale-Ave-60076/home/13610921,MRED,10022166,42.0369392,-87.7312324
PAST SALE,Single Family Residential,7516 Kenneth Ave,SKOKIE,IL,60076,335000,5,2,Skokie,2280,4604,1955,508,147,,Sold,http://www.redfin.com/IL/Skokie/7516-Kenneth-Ave-60076/home/13599245,MRED,10008384,42.0177487,-87.7395202
PAST SALE,Single Family Residential,6725 N Keating Ave,LINCOLNWOOD,IL,60712,358000,3,2,Lincolnwood,1890,5941,1952,431,189,,Sold,http://www.redfin.com/IL/Lincolnwood/6725-N-Keating-Ave-60712/home/13587273,MRED,10045742,42.0034955,-87.7466725
PAST SALE,Single Family Residential,3601 Foster St,EVANSTON,IL,60203,480000,4,2.5,Evanston,2511,7540,1947,298,191,,Sold,http://www.redfin.com/IL/Evanston/3601-Foster-St-60203/home/13628319,MRED,10074761,42.0533517,-87.718166
PAST SALE,Single Family Residential,4615 Elm Ter,SKOKIE,IL,60076,463000,4,3.5,Skokie,2597,7656,,465,178,,Sold,http://www.redfin.com/IL/Skokie/4615-Elm-Ter-60076/home/13611446,MRED,9981290,42.0345934,-87.7430573
PAST SALE,Single Family Residential,4624 Elm Ter,SKOKIE,IL,60076,490000,4,2.5,Skokie,2747,7788,1967,289,178,,Sold,http://www.redfin.com/IL/Skokie/4624-Elm-Ter-60076/home/13611288,MRED,10159819,42.0350845,-87.7434611
PAST SALE,Single Family Residential,8633 Springfield Ave,SKOKIE,IL,60076,227000,3,1.5,Skokie,1600,5536,1956,2035,142,,Sold,http://www.redfin.com/IL/Skokie/8633-Springfield-Ave-60076/home/13608291,MRED,8606667,42.0381451,-87.7251308
PAST SALE,Single Family Residential,8037 Kedvale Ave,SKOKIE,IL,60076,339000,3,2,Skokie,1600,5410,1954,494,212,,Sold,http://www.redfin.com/IL/Skokie/8037-Kedvale-Ave-60076/home/13607384,MRED,10018924,42.0274833,-87.7314405
PAST SALE,Single Family Residential,1315 Fowler Ave,Evanston,IL,60201,343000,4,2,Evanston,2078,6799,1954,431,165,,Sold,http://www.redfin.com/IL/Evanston/1315-Fowler-Ave-60201/home/13627301,MRED,10095637,42.0416058,-87.7066465
PAST SALE,Single Family Residential,5457 Conrad St,SKOKIE,IL,60077,452000,4,2.5,Skokie,2518,6076,1998,466,180,,Sold,http://www.redfin.com/IL/Skokie/5457-Conrad-St-60077/home/13614239,MRED,10062190,42.0379804,-87.7640907
PAST SALE,Single Family Residential,7108 N East Prairie Rd,LINCOLNWOOD,IL,60712,375000,3,2.5,Lincolnwood,,5985,1957,1991,,,Sold,http://www.redfin.com/IL/Lincolnwood/7108-E-Prairie-Rd-60712/home/13588777,MRED,8598883,42.010238,-87.7264684
PAST SALE,Single Family Residential,7142 N Kedvale Ave,LINCOLNWOOD,IL,60712,330000,3,1.5,Lincolnwood,2200,6459,1952,116,150,,Sold,http://www.redfin.com/IL/LINCOLNWOOD/7142-N-KEDVALE-AVE-60712/home/13587640,MRED,10471602,42.011193,-87.732556
PAST SALE,Single Family Residential,6800 N Kilpatrick Ave,LINCOLNWOOD,IL,60712,480000,4,2.5,Lincolnwood,3000,5850,1941,402,160,,Sold,http://www.redfin.com/IL/Lincolnwood/6800-N-Kilpatrick-Ave-60712/home/13589601,MRED,10012049,42.0048002,-87.7462776
PAST SALE,Single Family Residential,8610 Georgiana Ave,MORTON GROVE,IL,60053,334000,4,2.5,Morton Grove,2100,4647,1925,405,159,,Sold,http://www.redfin.com/IL/Morton-Grove/8610-Georgiana-Ave-60053/home/13616284,MRED,10069479,42.0376994,-87.7815406
PAST SALE,Single Family Residential,8520 Morton Ave,MORTON GROVE,IL,60053,407500,3,2,Morton Grove,1360,8250,1953,468,300,,Sold,http://www.redfin.com/IL/Morton-Grove/8520-Morton-Ave-60053/home/13615233,MRED,10008179,42.0364045,-87.7785431
PAST SALE,Single Family Residential,9229 Latrobe Ave,Skokie,IL,60077,305000,3,2,Skokie,1800,5625,1955,425,169,,Sold,http://www.redfin.com/IL/Skokie/9229-Latrobe-Ave-60077/home/13624058,MRED,10084715,42.0489476,-87.7575933
PAST SALE,Single Family Residential,4025 Dobson St,SKOKIE,IL,60076,371500,4,2,Skokie,2300,5950,1953,478,162,,Sold,http://www.redfin.com/IL/Skokie/4025-Dobson-St-60076/home/13600243,MRED,10008738,42.0197127,-87.7294467
PAST SALE,Single Family Residential,3911 Keeney St,SKOKIE,IL,60076,307000,3,2,Skokie,1385,5280,1958,499,222,,Sold,http://www.redfin.com/IL/Skokie/3911-Keeney-St-60076/home/13607771,MRED,10008648,42.0278637,-87.7262273
PAST SALE,Single Family Residential,5600 Church St,MORTON GROVE,IL,60053,352000,3,2,Morton Grove,1279,4512,1965,493,275,,Sold,http://www.redfin.com/IL/Morton-Grove/5600-Church-St-60053/home/13620544,MRED,10026694,42.0483936,-87.7666896
PAST SALE,Single Family Residential,5429 W Ardmore Ave,CHICAGO,IL,60646,427000,3,2.5,Jefferson Park,1900,7631,1946,163,225,3,Sold,http://www.redfin.com/IL/Chicago/5429-W-Ardmore-Ave-60646/home/13512945,MRED,10336882,41.9856239,-87.7646673
PAST SALE,Single Family Residential,4245 GOLF Rd,SKOKIE,IL,60076,410000,3,2,Skokie,,6875,1969,437,,,Sold,http://www.redfin.com/IL/Skokie/4245-Golf-Rd-60076/home/13624604,MRED,10062929,42.0550066,-87.7340791
PAST SALE,Single Family Residential,2421 Crawford Ave,EVANSTON,IL,60201,375000,4,2,Evanston,1300,5750,1960,467,288,,Sold,http://www.redfin.com/IL/Evanston/2421-Crawford-Ave-60201/home/13632374,MRED,10006798,42.0611781,-87.7270161
PAST SALE,Single Family Residential,3604 Lee St,SKOKIE,IL,60076,297770,4,3,Skokie,1667,5314,1955,319,179,,Sold,http://www.redfin.com/IL/Skokie/3604-Lee-St-60076/home/13607522,MRED,9998082,42.0355846,-87.7185601
PAST SALE,Single Family Residential,8301 Ridgeway Ave,SKOKIE,IL,60076,252000,3,2,Skokie,,5514,1952,394,,,Sold,http://www.redfin.com/IL/Skokie/8301-Ridgeway-Ave-60076/home/13606690,MRED,10102132,42.0318904,-87.7216293
PAST SALE,Single Family Residential,7844 Kostner Ave,SKOKIE,IL,60076,310000,3,2,Skokie,,3075,,436,,,Sold,http://www.redfin.com/IL/Skokie/7844-Kostner-Ave-60076/home/13600814,MRED,10078200,42.023983,-87.7382452
PAST SALE,Single Family Residential,6801 N ALGONQUIN Ave,CHICAGO,IL,60646,435000,4,2,Forest Glen,,5392,1969,443,,,Sold,http://www.redfin.com/IL/Chicago/6801-N-Algonquin-Ave-60646/home/13591009,MRED,10002318,42.0043731,-87.7629182
PAST SALE,Single Family Residential,8545 Harding Ave,SKOKIE,IL,60076,440000,4,2.5,Skokie,1783,6150,1950,373,247,,Sold,http://www.redfin.com/IL/Skokie/8545-Harding-Ave-60076/home/13608285,MRED,10101360,42.0366231,-87.726362
PAST SALE,Single Family Residential,9026 Kedvale Ave,SKOKIE,IL,60076,435000,4,2.5,Skokie,2284,6847,1950,521,190,,Sold,http://www.redfin.com/IL/Skokie/9026-Kedvale-Ave-60076/home/13623044,MRED,9929792,42.0452114,-87.7316136
PAST SALE,Single Family Residential,9400 LEAMINGTON St,Skokie,IL,60077,345500,5,3.5,Skokie,2400,5248,1964,69,144,,Sold,http://www.redfin.com/IL/Skokie/9400-Leamington-St-60077/home/13621043,MRED,10489486,42.0518227,-87.755586
PAST SALE,Single Family Residential,4106 Cleveland St,SKOKIE,IL,60076,359900,3,2,Skokie,1677,7134,1954,475,215,,Sold,http://www.redfin.com/IL/Skokie/4106-Cleveland-St-60076/home/13609838,MRED,9997280,42.0300616,-87.7308249
PAST SALE,Single Family Residential,8446 Christiana Ave,SKOKIE,IL,60076,448000,3,3,Skokie,1500,4917,1957,500,299,,Sold,http://www.redfin.com/IL/Skokie/8446-Christiana-Ave-60076/home/13606815,MRED,9996930,42.0350745,-87.7125857
PAST SALE,Townhouse,1921 Dodge Ave,EVANSTON,IL,60201,234000,5,2,Evanston,,,1990,493,,,Sold,http://www.redfin.com/IL/Evanston/1921-Dodge-Ave-60201/home/12561461,MRED,9996038,42.052877,-87.698314
PAST SALE,Single Family Residential,3555 Lee St,SKOKIE,IL,60076,300000,4,3,Skokie,1518,7500,1954,1584,198,,Sold,http://www.redfin.com/IL/Skokie/3555-Lee-St-60076/home/13607271,MRED,8983654,42.0352231,-87.7179037
PAST SALE,Single Family Residential,3825 Brummel St,SKOKIE,IL,60076,566318,5,4,Skokie,2024,5950,1948,459,280,,Sold,http://www.redfin.com/IL/Skokie/3825-Brummel-St-60076/home/13601483,MRED,9994461,42.020561,-87.7245344
PAST SALE,Single Family Residential,9249 MASON Ave,MORTON GROVE,IL,60053,420000,3,2,Morton Grove,2300,9504,1956,517,183,,Sold,http://www.redfin.com/IL/Morton-Grove/9249-Mason-Ave-60053/home/13620144,MRED,9980308,42.0497592,-87.7745269
PAST SALE,Single Family Residential,5333 Suffield Ter,SKOKIE,IL,60077,350000,4,2.5,Skokie,,5392,1969,471,,,Sold,http://www.redfin.com/IL/Skokie/5333-Suffield-Ter-60077/home/13621006,MRED,9983880,42.0451394,-87.7605153
PAST SALE,Single Family Residential,2207 Crawford Ave,EVANSTON,IL,60201,370000,4,2,Evanston,1812,5700,1952,520,204,,Sold,http://www.redfin.com/IL/Evanston/2207-Crawford-Ave-60201/home/13632185,MRED,9989102,42.0573533,-87.7270545
PAST SALE,Single Family Residential,6902 N Lockwood Ave,SKOKIE,IL,60077,515000,4,2.5,Skokie,3381,,1966,529,152,,Sold,http://www.redfin.com/IL/Skokie/6902-Lockwood-Ave-60077/home/13591745,MRED,9978366,42.006584,-87.7602462
PAST SALE,Single Family Residential,4041 Brummel St,SKOKIE,IL,60076,300000,3,1.5,Skokie,1136,4338,1954,506,264,,Sold,http://www.redfin.com/IL/Skokie/4041-Brummel-St-60076/home/13599049,MRED,10007016,42.0205729,-87.7299845
PAST SALE,Single Family Residential,2723 W Gregory St,CHICAGO,IL,60625,340000,3,2.5,Lincoln Square,1331,,1950,446,255,,Sold,http://www.redfin.com/IL/Chicago/2723-W-Gregory-St-60625/home/13492100,MRED,9957651,41.9820206,-87.6976502
PAST SALE,Single Family Residential,5242 N Virginia Ave,CHICAGO,IL,60625,435000,3,1.5,Lincoln Square,,3750,,538,,,Sold,http://www.redfin.com/IL/Chicago/5242-N-Virginia-Ave-60625/home/13491867,MRED,9968857,41.9770683,-87.70349
PAST SALE,Single Family Residential,4500 N Monticello Ave,CHICAGO,IL,60625,420000,4,3,Albany Park,,4861,1911,524,,,Sold,http://www.redfin.com/IL/Chicago/4500-N-Monticello-Ave-60625/home/12574822,MRED,9978199,41.9629892,-87.7195898
PAST SALE,Single Family Residential,4843 N Ridgeway Ave,CHICAGO,IL,60625,445000,5,3.5,Albany Park,,3750,1918,474,,,Sold,http://www.redfin.com/IL/Chicago/4843-N-Ridgeway-Ave-60625/home/13493909,MRED,10014715,41.969572,-87.7216677
PAST SALE,Single Family Residential,2655 W Winona St,CHICAGO,IL,60625,740000,5,3.5,Lincoln Square,3350,3149,1891,314,221,,Sold,http://www.redfin.com/IL/Chicago/2655-W-Winona-St-60625/home/13490791,MRED,10168811,41.9745991,-87.696138
PAST SALE,Single Family Residential,5326 N Virginia Ave,CHICAGO,IL,60625,381500,3,1.5,Lincoln Square,,3750,1951,494,,,Sold,http://www.redfin.com/IL/Chicago/5326-N-Virginia-Ave-60625/home/13493360,MRED,9984424,41.9783922,-87.7039253
PAST SALE,Single Family Residential,5843 N Christiana Ave,CHICAGO,IL,60659,459000,4,3,North Park,,,1928,492,,,Sold,http://www.redfin.com/IL/Chicago/5843-N-Christiana-Ave-60659/home/13515330,MRED,9966061,41.9879259,-87.7124317
PAST SALE,Single Family Residential,9200 Luna Ave,MORTON GROVE,IL,60053,345000,4,2,Morton Grove,1713,5776,1953,524,201,,Sold,http://www.redfin.com/IL/Morton-Grove/9200-Luna-Ave-60053/home/13623734,MRED,9965495,42.0484044,-87.7654362
PAST SALE,Single Family Residential,5357 Washington St,SKOKIE,IL,60077,375000,3,2,Skokie,1733,8058,1953,499,216,,Sold,http://www.redfin.com/IL/Skokie/5357-Washington-St-60077/home/13613170,MRED,9983697,42.0325036,-87.7617648
PAST SALE,Single Family Residential,7240 N KILPATRICK Ave,LINCOLNWOOD,IL,60712,305000,3,3,Lincolnwood,1704,6499,1950,452,179,,Sold,http://www.redfin.com/IL/Lincolnwood/7240-N-Kilpatrick-Ave-60712/home/13600225,MRED,10036181,42.0129941,-87.7457475
PAST SALE,Townhouse,14259 Lacey Dr,LEMONT,IL,60439,365000,3,2.5,Lemont,2112,2403,2018,311,173,200,Sold,http://www.redfin.com/IL/Lemont/14259-Lacey-Dr-60439/home/146018361,MRED,9979898,41.6729486,-87.962884
PAST SALE,Single Family Residential,8324 KENTON Ave,SKOKIE,IL,60076,345000,3,3,Skokie,1772,7040,1953,510,195,,Sold,http://www.redfin.com/IL/Skokie/8324-Kenton-Ave-60076/home/13609892,MRED,9993633,42.032393,-87.742863
PAST SALE,Unknown,11S304 DEER TRAIL Ct,WILLOWBROOK,IL,60527,360000,1,1,Willowbrook,0,,1620,450,,190,Sold,http://www.redfin.com/IL/Downers-Grove-Township/Deer-Trail-Ct-60527/home/17972303,MRED,10018824,41.72146844,-87.94406447
PAST SALE,Single Family Residential,3849 Dobson St,SKOKIE,IL,60076,340000,5,2,Skokie,2200,6198,1955,1077,155,,Sold,http://www.redfin.com/IL/Skokie/3849-Dobson-St-60076/home/13600988,MRED,9394275,42.019708,-87.7254001
PAST SALE,Single Family Residential,9614 Karlov Ave,SKOKIE,IL,60076,437500,4,3,Skokie,1401,7336,1955,534,312,,Sold,http://www.redfin.com/IL/Skokie/9614-Karlov-Ave-60076/home/12585680,MRED,9967353,42.0557721,-87.7301517
MLS Listing,Single Family Residential,8335 Gross Point Rd,Morton Grove,IL,60053,315000,3,2,Morton Grove,1369,3785,1965,128,230,,Contingent,http://www.redfin.com/IL/Morton-Grove/8335-Gross-Point-Rd-60053/home/26828552,MRED,10502247,42.032959,-87.761866
PAST SALE,Townhouse,7223 N Hamilton Ave Unit B,CHICAGO,IL,60645,354500,3,3.5,West Ridge,2300,,2007,459,154,209,Sold,http://www.redfin.com/IL/Chicago/7223-N-Hamilton-Ave-60645/unit-B/home/26802623,MRED,10042557,42.0128971,-87.6845159
PAST SALE,Single Family Residential,4001 Madison St,SKOKIE,IL,60076,248000,3,2,Skokie,1477,7308,1961,1112,168,,Sold,http://www.redfin.com/IL/Skokie/4001-Madison-St-60076/home/13609833,MRED,9392706,42.0315271,-87.7284081
